,posX_passer,posY_passer,received_PosX,received_PosY,isForward,isSucceeded,receiverId,Player_id,Time block,Zone,Area Football Pitch,Angle Passe,Pass type,Pass length,Playing direction_first half,Playing direction_second half,Pressure level,Distance to first opponent,Outpassed opponents,total_passes,pass_x,pass_y,player_num_in_same_zone,pass_hour,pass_minute,pass_second,time_process_hour,time_process_minute,time_process_second,angle_bins
0,49,33,55,29,0,1,95594.0,95602,1,2,11,2.553590050042226,2,-0.500655751372137,0,0,0,1.2169002446918635,0,23,-6,4,1.0,11,36,14,0,0,1,0
1,55,28,36,39,1,0,,95594,1,2,8,0.524795771650107,0,1.1105242996697517,0,0,0,0.6820494740957681,1,20,19,-11,2.0,11,36,16,0,0,3,1
2,39,40,37,45,0,1,95589.0,95581,1,2,8,1.951302703907261,1,-0.8629246191128491,1,1,0,0.3260203669421614,0,26,2,-5,3.0,11,36,18,0,0,5,2
3,46,44,56,39,0,1,95579.0,95601,1,2,12,2.677945044588987,2,0.2220420486384444,0,0,2,-1.8100531845058563,0,58,-10,5,3.0,11,36,24,0,0,11,0
4,57,36,46,19,0,1,95597.0,95579,1,2,8,0.9964914966201945,1,1.0357485011322545,0,0,1,-0.7970678119545818,1,39,11,17,3.0,11,36,27,0,0,14,3
5,50,22,59,37,0,1,95579.0,95597,1,2,8,2.111215827065481,1,0.7815062668161372,0,0,1,-0.2695065062749654,1,25,-9,-15,3.0,11,36,31,0,0,18,0
6,56,40,49,43,1,1,95587.0,95579,1,2,8,0.4048917862850834,0,-0.42926328936036184,0,0,0,0.9134187190864848,0,39,7,-3,3.0,11,36,34,0,0,21,1
7,51,44,38,51,1,0,,95587,1,2,9,0.4939413689195811,0,0.5676280743022034,0,0,0,0.7869521046936432,0,22,13,-7,4.0,11,36,36,0,0,23,1
8,48,45,46,37,0,1,95586.0,95589,1,2,7,1.815774989921761,1,-0.2508670077014877,1,1,0,0.37284316328222283,0,28,2,8,3.0,11,36,41,0,0,28,2
9,45,32,46,36,0,0,,95586,1,2,8,1.325817663668033,1,-1.2916290954870733,1,1,2,-1.562327475311512,0,40,-1,-4,4.0,11,36,43,0,0,30,2
10,46,28,40,26,0,1,95592.0,95581,1,2,8,2.819842099193151,2,-0.7178602644454988,1,1,1,-0.28824012094206714,0,26,6,2,3.0,11,36,48,0,0,35,0
11,40,26,45,22,1,0,,95592,1,2,8,0.6747409422235526,0,-0.6896483794044599,1,1,2,-1.6898622398570509,1,22,-5,4,4.0,11,36,50,0,0,37,3
12,43,18,20,11,1,0,,95594,1,2,10,0.2954408371437198,0,1.2338671930063305,0,0,1,-0.4424729990098382,0,20,23,7,3.0,11,36,53,0,0,40,1
13,17,5,27,2,1,1,95593.0,95600,1,1,6,0.2914567944778671,0,0.14667749673992114,1,1,1,-0.18728434119770102,0,29,-10,3,2.0,11,36,58,0,0,45,1
14,18,2,11,10,0,1,95602.0,95594,1,0,13,0.851966327173272,1,0.1568039483409731,0,0,2,-1.208546656614927,0,20,7,-8,1.0,11,37,2,0,0,49,3
15,13,8,23,15,0,0,,95602,1,0,16,2.530866689200585,2,0.355727393114589,0,0,1,-0.5889265550678813,0,23,-10,-7,1.0,11,37,6,0,0,53,0
16,24,21,27,18,1,0,,95580,1,1,6,0.7853981633974483,0,-1.1920877569295794,1,1,1,-0.39006886772473354,1,22,-3,3,2.0,11,37,10,0,0,57,3
17,37,12,35,15,0,1,95594.0,95585,1,2,10,0.9827937232473292,1,-1.479608953136835,0,0,2,-1.8310528725237964,0,20,2,-3,1.0,11,37,14,0,1,1,3
18,34,14,37,19,0,1,95587.0,95594,1,2,10,2.111215827065481,1,-0.7951649250209661,0,0,1,-0.8145403557329063,0,20,-3,-5,1.0,11,37,16,0,1,3,0
19,41,15,50,17,0,1,95595.0,95587,1,2,10,2.922923707715851,2,-0.05207811164178015,0,0,0,0.6372505411983145,0,22,-9,-2,3.0,11,37,21,0,1,8,0
20,53,35,50,33,1,1,95601.0,95579,1,2,8,0.5880026035475674,0,-1.479608953136835,0,0,0,0.9195126806808274,0,39,3,2,2.0,11,37,28,0,1,15,3
21,47,50,42,62,0,1,95583.0,95601,1,2,12,1.176005207095135,1,0.41394588591588705,0,0,0,0.3987249976192646,0,58,5,-12,2.0,11,37,34,0,1,21,3
22,43,63,37,56,0,1,95587.0,95583,1,2,12,0.8621700546672262,1,-0.05207811164178015,0,0,1,-0.08016976544228445,0,34,6,7,3.0,11,37,35,0,1,22,3
23,38,55,41,50,0,1,95601.0,95587,1,2,12,2.111215827065481,1,-0.7951649250209661,0,0,1,-0.1811752357232323,0,22,-3,5,4.0,11,37,37,0,1,24,0
24,42,46,28,37,1,0,,95601,1,2,12,0.5713374798336268,0,0.7387416364677466,0,0,0,0.837065217058723,1,58,14,9,4.0,11,37,39,0,1,26,3
25,43,32,40,30,1,1,95602.0,95601,1,2,11,0.5880026035475674,0,-1.479608953136835,0,0,1,0.07615331425987011,0,58,3,2,3.0,11,37,46,0,1,33,3
26,39,31,40,38,0,1,95582.0,95602,1,2,11,1.71269338139906,1,-0.5489101785286167,0,0,1,-0.4491067760435909,0,23,-1,-7,3.0,11,37,47,0,1,34,2
27,64,51,83,51,1,0,,95986,1,2,10,0.0,0,0.925640982471786,1,1,2,-1.400572821437908,1,12,-19,0,1.0,11,37,57,0,1,44,1
28,81,54,72,41,0,1,95601.0,95579,1,1,6,0.9652516631899264,1,0.6719784051968481,0,0,0,0.6274696299664214,0,39,9,13,1.0,11,38,5,0,1,52,3
29,77,37,66,12,0,1,95585.0,95601,1,1,5,1.156289452210111,1,1.4856179980334665,0,0,1,-0.006006333896597398,0,58,11,25,2.0,11,38,9,0,1,56,3
30,66,11,63,19,0,1,95594.0,95585,1,2,7,1.212025656524324,1,-0.1791403801493031,0,0,0,1.6043986968560595,0,20,3,-8,2.0,11,38,11,0,1,58,2
31,58,17,46,13,1,0,,95594,1,2,7,0.3217505543966421,0,0.372843163282221,0,0,1,-0.16288747991300245,1,20,12,4,2.0,11,38,14,0,2,1,1
32,36,12,13,25,0,1,95591.0,95592,1,2,9,2.627141340530765,2,1.3899741036826327,1,1,0,0.42926328936036157,0,22,23,-13,1.0,11,38,18,0,2,5,0
33,9,26,11,22,0,0,,95591,1,1,2,1.10714871779409,1,-1.1217215974958497,1,1,0,0.7979144663795791,0,26,-2,4,2.0,11,38,22,0,2,9,3
34,22,9,32,11,1,0,,95600,1,1,6,0.1973955598498807,0,0.10429794666957114,1,1,0,1.3743628174153744,0,29,-10,-2,1.0,11,38,27,0,2,14,1
35,26,17,16,26,1,0,,95594,1,0,13,0.7328151017865063,0,0.4557603762102144,0,0,1,0.062104977442032354,0,20,10,-9,2.0,11,38,30,0,2,17,3
36,16,21,28,7,0,1,95592.0,95588,1,1,3,0.8621700546672264,1,0.8834432990991828,1,1,0,0.9568199380013797,0,32,-12,14,2.0,11,38,33,0,2,20,3
37,33,20,42,28,1,0,,95586,1,1,6,0.7266423406817256,0,0.32602036694216113,1,1,1,-0.13252545539992522,0,40,-9,-8,1.0,11,38,39,0,2,26,3
38,39,28,32,26,1,1,95602.0,95579,1,2,11,0.2782996590051114,0,-0.4646633977259216,0,0,1,0.1568039483409731,0,39,7,2,2.0,11,38,41,0,2,28,1
39,28,29,23,33,1,1,95587.0,95602,1,0,14,0.6747409422235524,0,-0.6896483794044599,0,0,1,-0.5006557513721369,1,23,5,-4,1.0,11,38,44,0,2,31,3
40,22,36,17,38,1,0,,95587,1,0,14,0.3805063771123649,0,-0.8629246191128491,0,0,1,-0.6619750364658724,0,22,5,-2,1.0,11,38,45,0,2,32,1
41,5,61,5,64,0,0,,95587,1,0,18,1.570796326794897,1,-1.8100531845058563,0,0,1,-0.2508670077014877,0,22,0,-3,1.0,11,38,50,0,2,37,2
42,10,51,10,46,0,0,,95602,1,0,18,1.570796326794897,1,-1.0391778181698261,0,0,0,0.7282612566334016,0,23,0,5,1.0,11,39,7,0,2,54,2
43,10,47,9,39,0,1,95592.0,95586,1,1,1,1.695151321341658,1,-0.3154814066901516,1,1,1,-0.092227144338566,0,40,1,8,1.0,11,39,8,0,2,55,2
44,7,38,34,59,1,1,95581.0,95592,1,1,2,0.6610431688506869,0,2.007199409307958,1,1,0,0.364271938811459,1,22,-27,-21,1.0,11,39,9,0,2,56,3
45,32,58,26,55,1,1,95583.0,95582,1,0,15,0.4636476090008061,0,-0.6421638946742921,0,0,2,-1.2002765630732748,0,29,6,3,2.0,11,39,15,0,3,2,1
46,25,55,18,58,1,1,95587.0,95583,1,0,15,0.4048917862850834,0,-0.42926328936036184,0,0,2,-1.2555885751245643,2,34,7,-3,1.0,11,39,18,0,3,5,1
47,20,46,15,47,0,1,95600.0,95586,1,1,4,2.944197093739913,2,-0.950510275686491,1,1,0,0.9013314053755916,0,40,5,-1,2.0,11,39,21,0,3,8,0
48,14,48,14,50,0,1,95588.0,95600,1,1,1,1.570796326794897,1,-2.37451788320118,1,1,2,-1.875653496598356,1,29,0,-2,2.0,11,39,23,0,3,10,2
49,22,38,17,26,0,1,95597.0,95601,1,0,14,1.176005207095135,1,0.41394588591588705,0,0,0,0.2965983601989511,0,58,5,12,2.0,11,39,28,0,3,15,3
50,23,15,38,20,0,1,95595.0,95597,1,0,13,2.819842099193151,2,0.6569981459268757,0,0,2,-0.9727633606170368,0,25,-15,-5,1.0,11,39,38,0,3,25,0
51,34,29,25,26,1,1,95601.0,95595,1,2,11,0.3217505543966421,0,-0.00400420922212497,0,0,0,0.2882401209420669,0,39,9,3,1.0,11,39,42,0,3,29,1
52,31,27,38,27,0,1,95595.0,95601,1,0,14,3.141592653589793,2,-0.6008748842274959,0,0,0,1.0426193999189208,0,58,-7,0,2.0,11,39,44,0,3,31,0
53,26,21,17,10,0,1,95597.0,95595,1,0,13,0.8850668158886101,1,0.521187125780468,0,0,2,-0.925640982471786,1,39,9,11,1.0,11,39,49,0,3,36,3
54,12,10,4,10,1,1,95594.0,95597,1,0,16,0.0,0,-0.3771390297041054,0,0,1,-0.8834432990991833,0,25,8,0,3.0,11,39,53,0,3,40,1
55,16,23,20,29,0,1,95601.0,95582,1,0,17,2.158798930342464,1,-0.500655751372137,0,0,0,0.41394588591588705,0,29,-4,-6,2.0,11,39,59,0,3,46,0
56,22,29,27,23,0,1,95595.0,95601,1,0,14,2.265534602991599,1,-0.4008936808538612,0,0,2,-0.9318042464634184,0,58,-5,6,3.0,11,40,2,0,3,49,0
57,28,24,33,35,0,1,95579.0,95595,1,0,14,1.997423819921773,1,0.3387152103021989,0,0,1,-0.4915985129469201,0,39,-5,-11,3.0,11,40,4,0,3,51,0
58,30,38,16,42,1,0,,95579,1,0,14,0.2782996590051114,0,0.5535713988007632,0,0,0,0.7815062668161383,1,39,14,-4,4.0,11,40,7,0,3,54,1
59,9,63,16,63,0,1,95587.0,95583,1,0,18,3.141592653589793,2,-0.6008748842274959,0,0,1,0.08820661467199167,0,34,-7,0,2.0,11,40,15,0,4,2,0
60,16,63,5,30,0,1,95597.0,95587,1,0,18,1.249045772398254,1,2.038163881068993,0,0,0,0.8716733891274921,2,22,11,33,3.0,11,40,16,0,4,3,2
61,4,31,13,17,0,1,95594.0,95597,1,0,17,2.142133806628523,1,0.7387416364677466,0,0,2,-2.2328459423636935,1,25,-9,14,3.0,11,40,19,0,4,6,0
62,13,14,18,13,0,1,95585.0,95594,1,0,16,2.944197093739912,2,-0.950510275686491,0,0,2,-1.7898226414988638,0,20,-5,1,4.0,11,40,23,0,4,10,0
63,17,13,20,16,0,1,95586.0,95593,1,1,6,0.7853981633974483,0,-1.1920877569295794,1,1,2,-1.2870321942461502,1,13,-3,-3,3.0,11,40,25,0,4,12,3
64,39,3,74,8,1,0,,95586,1,2,9,0.1418970546041639,0,2.186842912123913,1,1,2,-1.5357462012514231,1,40,-35,-5,1.0,11,40,31,0,4,18,1
65,78,9,91,22,0,1,95603.0,95595,1,1,4,2.356194490192345,1,0.8542414048305795,0,0,0,2.9483367635585065,0,39,-13,-13,1.0,11,40,36,0,4,23,0
66,91,26,82,41,0,1,95579.0,95603,1,1,2,1.030376826524313,1,0.7815062668161372,0,0,0,0.3535953328612842,0,16,9,-15,1.0,11,40,40,0,4,27,3
67,82,44,70,35,1,1,95594.0,95579,1,1,6,0.6435011087932843,0,0.58654699964129,0,0,0,1.2600045201733527,0,39,12,9,3.0,11,40,42,0,4,29,3
68,62,26,73,22,1,1,95593.0,95586,1,2,11,0.348771003583907,0,0.2882401209420669,1,1,2,-1.028926154505528,0,40,-11,4,2.0,11,40,47,0,4,34,1
69,72,21,75,25,0,1,95581.0,95593,1,0,15,0.9272952180016122,1,-1.0391778181698261,1,1,1,-0.5936957069387839,0,13,-3,-4,2.0,11,40,49,0,4,36,3
70,42,57,43,49,0,1,95588.0,95589,1,2,7,1.446441332248135,1,-0.3154814066901516,1,1,1,-0.5984784007347205,0,28,-1,8,1.0,11,40,59,0,4,46,2
71,49,50,46,46,0,0,,95588,1,2,7,2.214297435588181,1,-1.0391778181698261,1,1,1,-0.37284316328222117,0,32,3,4,2.0,11,41,2,0,4,49,0
72,38,28,41,17,0,1,95592.0,95600,1,2,8,1.304544277643971,1,0.2550013652989333,1,1,0,1.063533820847659,0,29,-3,11,3.0,11,41,8,0,4,55,2
73,55,12,74,10,1,1,95593.0,95592,1,2,12,0.1048769387302339,0,0.9318042464634181,1,1,0,1.3342906331223827,0,22,-19,2,2.0,11,41,12,0,4,59,1
74,92,56,68,52,1,1,95597.0,95582,1,1,3,0.1651486774146269,0,1.2600045201733527,0,0,1,-0.8484882127833119,0,29,24,4,1.0,11,41,47,0,5,34,1
75,61,52,66,62,0,1,95986.0,95588,1,2,10,1.10714871779409,1,0.2220420486384444,1,1,1,-0.09624916538451313,0,32,-5,-10,1.0,11,41,55,0,5,42,3
76,64,57,62,22,0,1,95592.0,95986,1,2,10,1.627877109201161,1,2.145049596161892,1,1,1,-0.5326885387397094,0,12,2,35,2.0,11,42,1,0,5,48,2
77,67,22,75,22,0,1,95585.0,95594,1,1,5,3.141592653589793,2,-0.3771390297041054,0,0,2,-0.9824492075958877,0,20,-8,0,1.0,11,42,5,0,5,52,0
78,61,25,69,32,1,1,95581.0,95600,1,2,11,0.7188299996216245,0,0.1568039483409731,1,1,1,-0.5746985213462348,1,29,-8,-7,2.0,11,42,10,0,5,57,3
79,62,39,58,41,0,1,95588.0,95581,1,2,11,2.677945044588987,2,-1.1217215974958497,1,1,0,0.27158323450821464,0,26,4,-2,1.0,11,42,14,0,6,1,0
80,57,41,63,35,0,1,95584.0,95588,1,2,11,0.7853981633974483,0,-0.21793977195330536,1,1,1,0.08016976544228431,0,32,-6,6,3.0,11,42,15,0,6,2,3
81,63,34,59,32,0,0,,95584,1,2,11,2.677945044588987,2,-1.1217215974958497,1,1,2,-1.400572821437908,1,13,4,2,4.0,11,42,17,0,6,4,0
82,57,29,48,24,1,1,95597.0,95594,1,2,8,0.5070985043923368,0,0.12646857555359156,0,0,0,0.4646633977259216,0,20,9,5,5.0,11,42,18,0,6,5,1
83,23,23,17,36,0,1,95587.0,95597,1,0,14,1.138388551224359,1,0.5349972524588728,0,0,0,0.23025789847559838,0,25,6,-13,4.0,11,42,23,0,6,10,3
84,10,35,0,41,0,1,95591.0,95584,1,1,2,2.601173153319209,2,0.2757402171195277,1,1,1,-0.6770053563290798,1,13,10,-6,1.0,11,42,27,0,6,14,0
85,3,34,1,25,0,1,95600.0,95591,1,1,2,1.789465272668838,1,-0.05207811164178015,1,1,0,1.8310528725237953,0,26,2,9,1.0,11,42,41,0,6,28,2
86,1,20,13,4,0,1,95592.0,95600,1,1,3,0.9272952180016122,1,0.9955088998794059,1,1,0,1.0426193999189208,0,29,-12,16,2.0,11,42,46,0,6,33,3
87,13,3,15,4,1,0,,95592,1,1,3,0.4636476090008061,0,-2.1066979506460033,1,1,0,0.792421381990766,0,22,-2,-1,3.0,11,42,47,0,6,34,1
88,32,14,38,49,0,1,95589.0,95586,1,1,6,1.401018052826558,1,2.2328459423636917,1,1,0,0.8285691640205045,0,40,-6,-35,3.0,11,42,55,0,6,42,2
89,46,47,66,44,1,0,,95589,1,2,7,0.1488899476094973,0,1.0255328763125542,1,1,1,-0.012012884487749674,0,28,-20,3,1.0,11,43,0,0,6,47,1
90,70,44,70,54,0,1,95583.0,95579,1,1,6,1.570796326794897,1,0.054083033729761185,0,0,0,0.3175863599789563,0,39,0,-10,2.0,11,43,2,0,6,49,2
91,81,47,68,49,1,0,,95595,1,1,6,0.152649328395265,0,0.43806129207519545,0,0,0,1.522852838304235,0,39,13,-2,1.0,11,43,8,0,6,55,1
92,71,48,65,35,0,1,95586.0,95581,1,0,13,2.003204102365435,1,0.5349972524588728,1,1,1,-0.14465404327897993,0,26,6,13,2.0,11,43,11,0,6,58,0
93,74,36,86,36,1,1,95581.0,95586,1,0,14,0.0,0,0.3049773717354315,1,1,2,-2.727078872206228,1,40,-12,0,1.0,11,43,16,0,7,3,1
94,49,33,57,32,0,1,95601.0,95602,1,2,11,3.017237659043032,2,-0.3154814066901516,0,0,0,1.3441071571954302,0,23,-8,1,1.0,11,43,51,0,7,38,0
95,62,42,70,45,0,1,95579.0,95601,1,2,8,2.782821983319221,2,-0.1791403801493031,0,0,1,-0.45576037621021426,0,58,-8,-3,2.0,11,43,56,0,7,43,0
96,72,46,73,33,0,1,95595.0,95579,1,1,6,1.647568218064674,1,0.42926328936036157,0,0,0,0.42487675928270807,0,39,-1,13,2.0,11,43,57,0,7,44,2
97,75,42,79,45,0,1,95579.0,95595,1,1,5,2.498091544796509,2,-1.0391778181698261,0,0,1,-0.2550013652989333,0,39,-4,-3,1.0,11,44,1,0,7,48,0
98,78,46,84,38,0,1,95595.0,95579,1,1,6,2.214297435588181,1,0.054083033729761185,0,0,0,0.4961220448050452,0,39,-6,8,1.0,11,44,2,0,7,49,0
99,81,38,91,28,0,1,95603.0,95595,1,1,5,2.356194490192345,1,0.5074756944213877,0,0,0,0.55123929156782,0,39,-10,10,1.0,11,44,3,0,7,50,0
100,92,28,86,45,0,1,95579.0,95603,1,1,2,1.231503712340852,1,0.8117538163485765,0,0,0,0.9889579696240891,0,16,6,-17,5.0,11,44,6,0,7,53,2
101,86,46,73,22,0,0,,95579,1,1,3,1.074373573390015,1,1.4677486003157527,0,0,0,1.4977996818524257,0,39,13,24,5.0,11,44,8,0,7,55,3
102,72,23,77,23,1,1,95593.0,95586,1,0,14,0.0,0,-1.0391778181698261,1,1,0,0.8775431482071344,0,40,-5,0,4.0,11,44,11,0,7,58,1
103,78,22,84,31,0,1,95580.0,95593,1,0,14,0.982793723247329,1,0.1791403801493031,1,1,0,1.028926154505528,0,13,-6,-9,3.0,11,44,12,0,7,59,3
104,84,32,90,27,1,1,95593.0,95580,1,0,17,0.6947382761967031,0,-0.4008936808538612,1,1,2,-2.2841244631564774,0,22,-6,5,2.0,11,44,15,0,8,2,3
105,90,28,100,23,0,0,,95595,1,1,2,2.677945044588987,2,0.2220420486384444,0,0,1,0.16491665301505387,0,39,-10,5,2.0,11,44,17,0,8,4,0
106,80,25,74,29,0,1,95986.0,95586,1,0,14,2.553590050042226,2,-0.500655751372137,1,1,0,0.9824492075958877,0,40,6,-4,1.0,11,44,41,0,8,28,0
107,68,31,74,13,0,1,95592.0,95584,1,0,14,1.249045772398254,1,0.9195126806808274,1,1,1,-0.7572805697539543,1,13,-6,18,2.0,11,44,48,0,8,35,2
108,88,1,88,0,0,1,95585.0,95597,1,1,1,1.570796326794897,1,-2.727078872206228,0,0,1,-0.33024604529781215,0,25,0,1,1.0,11,44,59,0,8,46,2
109,84,9,68,5,1,1,95597.0,95601,1,1,1,0.2449786631268642,0,0.7178602644454983,0,0,0,0.40741110748028436,1,58,16,4,2.0,11,45,8,0,8,55,1
110,53,14,52,22,0,1,95594.0,95597,1,2,7,1.446441332248135,1,-0.3154814066901516,0,0,2,-1.5357462012514231,0,25,1,-8,1.0,11,45,14,0,9,1,2
111,45,28,37,32,0,1,95589.0,95581,1,2,8,2.677945044588987,2,-0.128487009065249,1,1,1,-0.22614806541961396,0,26,8,-4,1.0,11,45,17,0,9,4,0
112,36,33,36,24,0,1,95600.0,95589,1,2,8,1.570796326794897,1,-0.11436849568081701,1,1,0,0.7546163122464091,0,28,0,9,3.0,11,45,19,0,9,6,2
113,40,19,49,14,1,1,95586.0,95600,1,2,9,0.507098504392337,0,0.12646857555359156,1,1,0,0.6947365033744478,0,29,-9,5,4.0,11,45,23,0,9,10,1
114,50,12,51,5,0,1,95592.0,95586,1,2,12,1.428899272190733,1,-0.5489101785286167,1,1,1,-0.05408303372976132,0,40,-1,7,4.0,11,45,25,0,9,12,2
115,51,4,53,8,0,0,,95592,1,2,12,1.10714871779409,1,-1.1217215974958497,1,1,1,-0.8983301098775431,1,22,-2,-4,5.0,11,45,26,0,9,13,3
116,55,10,62,13,0,1,95601.0,95597,1,2,7,2.73670086730471,2,-0.42926328936036184,0,0,2,-1.2779190927936908,0,25,-7,-3,5.0,11,45,28,0,9,15,0
117,61,19,70,28,0,1,95579.0,95601,1,2,7,2.356194490192345,1,0.3835959324087748,0,0,2,-0.950510275686491,0,58,-9,-9,5.0,11,45,31,0,9,18,0
118,69,35,61,39,1,0,,95579,1,1,5,0.4636476090008061,0,-0.128487009065249,0,0,0,1.1601041867670134,0,39,8,-4,3.0,11,45,35,0,9,22,1
119,71,38,84,46,1,1,95580.0,95581,1,0,14,0.5516549825285468,0,0.629909199493931,1,1,1,-0.42926328936036173,0,26,-13,-8,1.0,11,45,39,0,9,26,3
120,94,50,95,54,0,0,,95580,1,0,16,1.325817663668033,1,-1.2916290954870733,1,1,0,0.35999638056560634,0,22,-1,-4,2.0,11,45,46,0,9,33,2
121,96,54,77,64,1,0,,95579,1,1,3,0.4844779290370229,0,1.0813246736675617,0,0,1,-0.8145403557329063,1,39,19,-10,2.0,11,45,47,0,9,34,1
122,72,55,76,62,0,1,95587.0,95582,1,1,6,2.089942441041419,1,-0.3154814066901516,0,0,1,0.1406089040187959,0,29,-4,-7,1.0,11,45,55,0,9,42,0
123,74,53,83,50,0,1,95579.0,95582,1,1,6,2.819842099193151,2,-0.00400420922212497,0,0,1,-0.08619688845914984,0,29,-9,3,2.0,11,46,1,0,9,48,0
124,83,51,77,37,0,1,95601.0,95579,1,1,3,1.165904540509813,1,0.6226016511733511,0,0,0,1.106822664814584,0,39,6,14,3.0,11,46,3,0,9,50,3
125,81,36,72,16,0,1,95585.0,95601,1,1,5,1.147942400661956,1,1.0994645346074927,0,0,1,-0.04005269151676639,0,58,9,20,3.0,11,46,6,0,9,53,3
126,52,3,53,12,0,1,95594.0,95597,1,2,7,1.681453547968792,1,-0.09826075586142671,0,0,1,0.09222714433856587,0,25,-1,-9,1.0,11,46,16,0,10,3,2
127,51,17,33,28,1,0,,95594,1,2,7,0.548549402450528,0,1.0670649849809624,0,0,0,0.3857517788209657,1,20,18,-11,2.0,11,46,18,0,10,5,3
128,32,29,39,20,0,1,95584.0,95588,1,1,5,0.9097531579442097,1,0.2550013652989333,1,1,2,-5.199337582605575,1,32,-7,9,2.0,11,46,20,0,10,7,3
129,37,26,65,15,1,0,,95600,1,2,8,0.3743336160075839,0,1.6815725500129504,1,1,0,0.925640982471786,1,29,-28,11,1.0,11,46,30,0,10,17,1
130,71,19,73,33,0,1,95579.0,95601,1,1,4,1.71269338139906,1,0.5074756944213877,0,0,1,-0.12041633179874588,0,58,-2,-14,1.0,11,46,42,0,10,29,2
131,72,33,63,28,1,1,95595.0,95579,1,1,5,0.5070985043923368,0,0.12646857555359156,0,0,0,0.4602073272264292,0,39,9,5,2.0,11,46,45,0,10,32,1
132,68,25,71,17,0,1,95601.0,95595,1,1,5,1.929566997065469,1,-0.1791403801493031,0,0,0,0.5841707607866232,0,39,-3,8,3.0,11,46,48,0,10,35,2
133,71,13,53,13,1,1,95594.0,95601,1,1,4,0.0,0,0.8034317332345509,0,0,1,0.10027274402913136,0,58,18,0,4.0,11,46,50,0,10,37,1
134,50,11,18,2,1,1,95597.0,95594,1,2,7,0.2741674511196588,0,1.9243310653973638,0,0,1,-0.10027274402913136,1,20,32,9,3.0,11,46,52,0,10,39,1
135,16,3,14,23,0,1,95602.0,95597,1,0,16,1.471127674303734,1,1.0087406282789182,0,0,1,-0.3091748837828653,0,25,2,-20,1.0,11,47,3,0,10,50,2
136,13,25,21,26,0,1,95601.0,95602,1,0,17,3.017237659043032,2,-0.3154814066901516,0,0,1,-0.016017478967161485,0,23,-8,-1,2.0,11,47,6,0,10,53,0
137,23,27,19,34,0,1,95587.0,95601,1,0,14,1.051650212548374,1,-0.3154814066901516,0,0,0,0.746655453979955,0,58,4,-7,3.0,11,47,7,0,10,54,3
138,20,34,13,39,1,0,,95587,1,0,14,0.6202494859828214,0,-0.14667749673992128,0,0,1,-0.006006333896597398,1,22,7,-5,4.0,11,47,8,0,10,55,3
139,18,39,14,38,1,0,,95583,2,0,14,0.2449786631268642,0,-1.2916290954870733,0,0,0,0.19136095070916465,0,34,4,1,4.0,11,47,14,0,11,1,1
140,4,34,3,40,0,1,95588.0,95591,2,1,2,1.735945004209523,1,-0.7387416364677466,1,1,0,1.9780477274889443,0,26,1,-6,1.0,11,47,23,0,11,10,2
141,4,41,25,9,0,1,95592.0,95588,2,1,2,0.9900399732272263,1,2.3422216067152526,1,1,0,0.6947365033744478,0,32,-21,32,2.0,11,47,27,0,11,14,3
142,32,7,40,4,1,1,95593.0,95592,2,1,6,0.3587706702705722,0,-0.1791403801493031,1,1,2,-0.9727633606170368,0,22,-8,3,2.0,11,47,33,0,11,20,1
143,44,3,54,4,1,1,95592.0,95593,2,2,9,0.09966865249116202,0,0.08418751033554492,1,1,1,0.004004209222124831,0,13,-10,-1,2.0,11,47,35,0,11,22,1
144,34,11,30,16,0,1,95602.0,95595,2,2,10,0.8960553845713437,1,-0.6896483794044599,0,0,2,-0.9824492075958877,0,39,4,-5,2.0,11,47,44,0,11,31,3
145,30,18,29,33,0,1,95582.0,95602,2,0,13,1.504228163019073,1,0.6056782427170598,0,0,0,0.865833510184072,0,23,1,-15,1.0,11,47,46,0,11,33,2
146,24,48,20,48,1,0,,95582,2,0,15,0.0,0,-1.3899741036826334,0,0,2,-1.1839781172055506,2,29,4,0,1.0,11,47,53,0,11,40,1
147,10,47,1,36,0,1,95591.0,95588,2,1,1,2.256525837701183,1,0.521187125780468,1,1,0,0.6569981459268757,0,32,9,11,1.0,11,47,56,0,11,43,0
148,4,34,2,27,0,1,95600.0,95591,2,1,2,1.849095985800008,1,-0.4646633977259216,1,1,0,1.665331459860691,0,26,2,7,1.0,11,48,6,0,11,53,2
149,12,26,22,20,1,1,95586.0,95600,2,1,2,0.5404195002705842,0,0.2757402171195277,1,1,1,-0.5676280743022034,0,29,-10,6,2.0,11,48,14,0,12,1,1
150,15,5,24,8,1,1,95586.0,95592,2,1,3,0.3217505543966422,0,-0.00400420922212497,1,1,1,-0.5841707607866234,1,22,-9,-3,2.0,11,48,18,0,12,5,1
151,24,1,19,5,0,1,95592.0,95586,2,1,6,2.466851711366241,2,-0.6896483794044599,1,1,1,-0.7572805697539543,0,40,5,-4,3.0,11,48,23,0,12,10,0
152,22,14,17,29,0,1,95588.0,95592,2,1,6,1.892546881191539,1,0.6719784051968481,1,1,0,0.3260203669421614,0,22,5,-15,3.0,11,48,26,0,12,13,2
153,17,31,20,53,0,1,95589.0,95588,2,1,5,1.435268612809396,1,1.1368737806369789,1,1,1,-0.11638396537042173,0,32,-3,-22,3.0,11,48,28,0,12,15,2
154,20,61,20,64,0,0,,95583,2,0,15,1.570796326794897,1,-1.8100531845058563,0,0,0,1.6190741501414476,0,34,0,-3,3.0,11,48,32,0,12,19,2
155,33,53,38,54,1,1,95580.0,95581,2,1,4,0.1973955598498807,0,-0.950510275686491,1,1,1,-0.6619750364658724,0,26,-5,-1,1.0,11,48,49,0,12,36,1
156,39,56,38,59,0,1,95986.0,95580,2,2,7,1.892546881191539,1,-1.6495181227035918,1,1,2,-1.1679882572174303,0,22,1,-3,1.0,11,48,52,0,12,39,2
157,34,53,31,45,0,1,95584.0,95986,2,2,7,1.929566997065469,1,-0.1791403801493031,1,1,1,-0.8600230115418477,0,12,3,8,1.0,11,48,55,0,12,42,2
158,31,44,53,46,1,0,,95584,2,1,4,0.09065988720074511,0,1.12926528068478,1,1,1,-0.18524720724115676,1,13,-22,-2,2.0,11,48,56,0,12,43,1
159,52,39,59,43,1,1,95580.0,95581,2,2,11,0.5191461142465229,0,-0.3154814066901516,1,1,1,-0.6421638946742921,0,26,-7,-4,2.0,11,49,2,0,12,49,1
160,68,53,64,53,0,1,95986.0,95580,2,0,13,3.141592653589793,2,-1.3899741036826334,1,1,1,-0.4117656755447552,0,22,4,0,1.0,11,49,7,0,12,54,0
161,68,61,67,65,0,0,,95583,2,1,6,1.325817663668032,1,-1.2916290954870733,0,0,0,0.3814418673543638,0,34,1,-4,1.0,11,49,11,0,12,58,2
162,62,64,61,50,0,1,95581.0,95580,2,2,10,1.642103791580187,1,0.4961220448050452,1,1,1,-0.4491067760435909,0,22,1,14,1.0,11,49,15,0,13,2,2
163,63,36,63,26,0,0,,95601,2,2,8,1.570796326794897,1,0.054083033729761185,0,0,0,0.23848932049113603,0,58,0,10,2.0,11,49,22,0,13,9,2
164,65,14,70,19,0,1,95595.0,95585,2,2,7,2.356194490192345,1,-0.5489101785286167,0,0,0,0.22614806541961383,0,20,-5,-5,2.0,11,49,28,0,13,15,0
165,63,26,33,50,1,1,95583.0,95595,2,2,8,0.6747409422235524,0,2.409498975960604,0,0,0,1.3246010292217705,2,39,30,-24,2.0,11,49,34,0,13,21,3
166,25,59,26,53,0,0,,95583,2,0,15,1.735945004209523,1,-0.7387416364677466,0,0,2,-1.0958076972353004,1,34,-1,6,1.0,11,49,40,0,13,27,2
167,24,52,22,48,0,1,95588.0,95986,2,1,4,2.034443935795703,1,-1.1217215974958497,1,1,0,0.7126888159668128,0,12,2,4,1.0,11,49,41,0,13,28,0
168,25,49,17,66,0,0,,95588,2,1,4,2.010638909610633,1,0.9103844257357813,1,1,1,-0.3387152103021989,1,32,8,-17,1.0,11,49,42,0,13,29,0
169,23,60,29,41,0,1,95601.0,95583,2,0,15,1.876675198199749,1,0.9856983688414851,0,0,1,0.0962491653845141,1,34,-6,19,1.0,11,49,54,0,13,41,2
170,30,47,24,62,0,1,95583.0,95601,2,0,15,1.190289949682532,1,0.7024026149191298,0,0,1,-0.6323525237018938,1,58,6,-15,1.0,11,50,4,0,13,51,3
171,24,64,22,58,0,0,,95583,2,0,15,1.249045772398254,1,-0.7178602644454988,0,0,0,0.3408362792976178,0,34,2,6,2.0,11,50,6,0,13,53,2
172,28,61,27,36,0,1,95595.0,95587,2,0,15,1.530817639671606,1,1.296253454044189,0,0,2,-1.0087406282789186,1,22,1,25,3.0,11,50,11,0,13,58,2
173,21,42,21,43,0,0,,95595,2,0,14,1.570796326794897,1,-2.727078872206228,0,0,1,-0.5794281425110618,0,39,0,-1,2.0,11,50,16,0,14,3,2
174,5,42,2,31,0,1,95600.0,95591,2,1,2,1.837048375945822,1,0.2550013652989333,1,1,0,1.2870321942461498,0,26,3,11,1.0,11,50,30,0,14,17,2
175,3,30,15,9,0,1,95592.0,95600,2,1,2,1.051650212548374,1,1.2511969799391158,1,1,0,1.4736528648588596,0,29,-12,21,2.0,11,50,34,0,14,21,3
176,16,8,21,-1,0,0,,95592,2,1,3,1.06369782240256,1,0.12646857555359156,1,1,0,1.751428051976114,0,22,-5,9,3.0,11,50,38,0,14,25,3
177,23,0,26,4,0,1,95585.0,95594,2,0,13,2.214297435588181,1,-1.0391778181698261,0,0,0,0.6520374759400968,0,20,-3,-4,1.0,11,50,47,0,14,34,0
178,23,18,19,15,1,1,95602.0,95585,2,0,13,0.6435011087932843,0,-1.0391778181698261,0,0,1,0.036045590755196096,0,20,4,3,2.0,11,50,53,0,14,40,3
179,19,18,38,37,0,1,95579.0,95602,2,0,13,2.356194490192345,1,1.4059316936786121,0,0,1,-0.3814418673543638,1,23,-19,-19,3.0,11,50,56,0,14,43,0
180,34,38,21,31,1,1,95602.0,95579,2,2,11,0.4939413689195811,0,0.5676280743022034,0,0,0,0.2529336460780648,0,39,13,7,2.0,11,51,1,0,14,48,1
181,21,37,11,42,1,0,,95602,2,0,14,0.4636476090008061,0,0.2220420486384444,0,0,1,-0.17710626606118274,1,23,10,-5,2.0,11,51,4,0,14,51,1
182,11,41,3,38,0,1,95591.0,95589,2,1,2,2.782821983319221,2,-0.1791403801493031,1,1,0,0.19136095070916465,0,28,8,3,2.0,11,51,5,0,14,52,0
183,5,39,-1,36,0,0,,95591,2,1,2,2.677945044588987,2,-0.6421638946742921,1,1,1,-0.8600230115418477,0,26,6,3,1.0,11,51,6,0,14,53,0
184,49,32,40,36,0,1,95581.0,95580,2,2,8,2.723368324010564,2,0.018019868522742472,1,1,0,1.4389674530662806,0,22,9,-4,1.0,11,51,40,0,15,27,0
185,40,35,37,32,0,1,95584.0,95581,2,2,8,2.356194490192345,1,-1.1920877569295794,1,1,0,0.5280795996063281,0,26,3,3,2.0,11,51,42,0,15,29,0
186,37,31,40,39,0,1,95588.0,95584,2,2,8,1.212025656524324,1,-0.1791403801493031,1,1,1,-0.5280795996063283,0,13,-3,-8,3.0,11,51,43,0,15,30,2
187,38,40,44,34,1,1,95581.0,95588,2,2,8,0.7853981633974483,0,-0.21793977195330536,1,1,0,0.8089735658611649,0,32,-6,6,4.0,11,51,44,0,15,31,3
188,52,28,59,11,0,1,95592.0,95581,2,2,11,1.18018928309721,1,0.8542414048305795,1,1,0,0.6421638946742921,0,26,-7,17,5.0,11,51,48,0,15,35,3
189,100,15,97,20,0,0,,95592,2,0,18,2.111215827065481,1,-0.7951649250209661,1,1,2,-1.3055862736178252,1,22,3,-5,1.0,11,51,57,0,15,44,0
190,98,34,89,33,1,1,95582.0,95583,2,1,2,0.1106572211738954,0,-0.09826075586142671,0,0,0,1.0087406282789182,0,34,9,1,1.0,11,52,0,0,15,47,1
191,90,33,67,19,1,1,95594.0,95582,2,1,2,0.5467888408892474,0,1.416772265976479,0,0,0,0.4204983893664647,1,29,23,14,1.0,11,52,1,0,15,48,1
192,37,12,36,22,0,1,95602.0,95594,2,2,10,1.471127674303734,1,0.08418751033554492,0,0,2,-1.1759456045865566,1,20,1,-10,2.0,11,52,9,0,15,56,2
193,36,22,30,45,0,1,95582.0,95602,2,2,11,1.315613936174078,1,1.225339625411657,0,0,0,0.5143193232644895,1,23,6,-23,2.0,11,52,11,0,15,58,2
194,17,59,10,29,0,0,,95582,2,0,15,1.341564393517901,1,1.733160797744486,0,0,0,0.39439323874059246,2,29,7,30,1.0,11,52,20,0,16,7,2
195,11,28,17,28,1,1,95586.0,95600,2,1,2,0.0,0,-0.7599502135206586,1,1,0,0.3091748837828653,0,29,-6,0,1.0,11,52,24,0,16,11,1
196,51,12,68,7,1,1,95593.0,95586,2,2,12,0.2860514417173182,0,0.7924213819907673,1,1,0,0.3771390297041054,0,40,-17,5,1.0,11,52,36,0,16,23,1
197,86,4,100,15,1,0,,95593,2,0,18,0.6659692373791098,0,0.79791446637957,1,1,2,-1.1601041867670134,0,13,-14,-11,1.0,11,52,40,0,16,27,3
198,96,33,98,24,0,1,95595.0,95603,2,1,2,1.789465272668838,1,-0.05207811164178015,0,0,0,2.409498975960604,0,16,-2,9,1.0,11,53,6,0,16,53,2
199,97,33,96,44,0,1,95579.0,95595,2,1,2,1.480136439594151,1,0.19136095070916465,0,0,0,1.8874082873967684,0,39,1,-11,2.0,11,53,10,0,16,57,2
200,95,46,82,43,1,1,95582.0,95579,2,1,3,0.2267988480538858,0,0.4468933347551856,0,0,0,0.23437162445576049,0,39,13,3,3.0,11,53,12,0,16,59,1
201,82,44,78,58,0,1,95583.0,95582,2,1,6,1.292496667789785,1,0.5535713988007632,0,0,0,1.4618950631384828,0,29,4,-14,4.0,11,53,13,0,17,0,2
202,78,60,79,49,0,1,95582.0,95583,2,1,6,1.661456213995642,1,0.19136095070916465,0,0,1,0.06812403082534658,1,34,-1,11,5.0,11,53,15,0,17,2,2
203,79,50,86,54,0,1,95579.0,95582,2,1,6,2.62244653934327,2,-0.3154814066901516,0,0,1,-0.4343349606124886,0,29,-7,-4,5.0,11,53,17,0,17,4,0
204,83,47,89,32,0,1,95595.0,95579,2,1,3,1.951302703907261,1,0.7024026149191298,0,0,0,0.5188951417974166,0,39,-6,15,5.0,11,53,20,0,17,7,2
205,86,34,68,61,0,1,95583.0,95595,2,1,2,0.9827937232473292,1,1.8756534965983527,0,0,0,1.450335958637919,0,39,18,-27,4.0,11,53,24,0,17,11,3
206,64,62,53,43,0,0,,95583,2,2,9,1.046000555144789,1,1.1105242996697517,0,0,0,0.9505102756864908,1,34,11,19,2.0,11,53,29,0,17,16,3
207,55,44,60,54,0,1,95986.0,95584,2,2,10,1.10714871779409,1,0.2220420486384444,1,1,0,0.2965983601989511,0,13,-5,-10,1.0,11,53,32,0,17,19,3
208,64,55,70,62,0,1,95581.0,95986,2,2,10,0.8621700546672264,1,-0.05207811164178015,1,1,1,0.03203906869124194,0,12,-6,-7,3.0,11,53,38,0,17,25,3
209,87,60,74,62,0,1,95986.0,95581,2,0,16,2.988943325194528,2,0.43806129207519545,1,1,1,0.07213809120290968,0,26,13,-2,1.0,11,53,45,0,17,32,0
210,86,40,77,42,1,1,95988.0,95595,2,1,2,0.2186689458739419,0,-0.05207811164178015,0,0,0,1.084924103264076,0,39,9,-2,1.0,11,53,50,0,17,37,1
211,65,45,59,52,0,1,95583.0,95988,2,2,9,0.8621700546672262,1,-0.05207811164178015,0,0,2,-1.6898622398570509,1,19,6,-7,1.0,11,53,54,0,17,41,3
212,55,58,45,62,1,1,95597.0,95583,2,2,9,0.3805063771123649,0,0.16897704588188017,0,0,0,0.575289019262022,0,34,10,-4,1.0,11,53,58,0,17,45,1
213,45,63,44,54,0,1,95602.0,95597,2,2,12,1.460139105621001,1,-0.09826075586142671,0,0,1,-0.6719784051968486,0,25,1,9,1.0,11,53,59,0,17,46,2
214,45,53,49,41,0,1,95601.0,95602,2,2,12,1.892546881191539,1,0.372843163282221,0,0,2,-1.3624483208093072,0,23,-4,12,4.0,11,54,1,0,17,48,2
215,49,34,37,14,0,1,95594.0,95601,2,2,11,1.030376826524313,1,1.208546656614927,0,0,1,0.10429794666957114,0,58,12,20,4.0,11,54,5,0,17,52,3
216,27,12,6,29,1,0,,95594,2,0,13,0.6805212246672143,0,1.427781940121386,0,0,2,-1.12926528068478,0,20,21,-17,1.0,11,54,11,0,17,58,3
217,4,32,13,3,0,1,95600.0,95591,2,1,2,1.269876092434471,1,1.6982697091846282,1,1,0,2.145049596161892,0,26,-9,29,1.0,11,54,22,0,18,9,2
218,24,3,31,1,1,1,95593.0,95600,2,1,6,0.2782996590051113,0,-0.4646633977259216,1,1,1,-0.14870155093082485,0,29,-7,2,2.0,11,54,29,0,18,16,1
219,33,1,28,-1,0,0,,95593,2,1,6,2.761086276477428,2,-0.8629246191128491,1,1,2,-1.296253454044189,0,13,5,2,3.0,11,54,30,0,18,17,0
220,27,0,27,10,0,1,95580.0,95600,2,1,6,1.570796326794897,1,0.054083033729761185,1,1,0,0.41394588591588705,1,29,0,-10,3.0,11,54,37,0,18,24,2
221,25,9,21,14,0,1,95987.0,95580,2,1,6,2.245537269018449,1,-0.6896483794044599,1,1,2,-1.05651098618263,0,22,4,-5,2.0,11,54,40,0,18,27,0
222,13,21,4,33,0,1,95591.0,95987,2,1,3,2.214297435588181,1,0.58654699964129,1,1,0,1.5489000422517152,0,20,9,-12,3.0,11,54,43,0,18,30,0
223,7,35,15,35,1,1,95588.0,95591,2,1,2,0.0,0,-0.3771390297041054,1,1,0,1.5623274753115113,0,26,-8,0,4.0,11,54,46,0,18,33,1
224,16,37,4,23,0,1,95987.0,95588,2,1,2,2.279422598922567,1,0.8834432990991828,1,1,0,0.5889265550678814,0,32,12,14,4.0,11,54,47,0,18,34,0
225,16,18,25,5,0,1,95600.0,95987,2,1,3,0.9652516631899266,1,0.6719784051968481,1,1,1,-0.128487009065249,0,20,-9,13,2.0,11,54,56,0,18,43,3
226,30,11,36,17,1,0,,95600,2,1,6,0.7853981633974483,0,-0.21793977195330536,1,1,1,-0.4713648792669726,0,29,-6,-6,2.0,11,55,2,0,18,49,3
227,39,8,46,6,1,1,95586.0,95600,2,2,9,0.2782996590051113,0,-0.4646633977259216,1,1,1,0.00867587230253346,0,29,-7,2,1.0,11,55,9,0,18,56,1
228,64,3,81,13,1,0,,95586,2,2,12,0.5317240672588056,0,0.9631679249519125,1,1,1,-0.07213809120290995,1,40,-17,-10,2.0,11,55,14,0,19,1,1
229,97,7,99,20,0,1,95603.0,95595,2,1,1,1.723445655190162,1,0.43806129207519545,0,0,0,0.2757402171195277,0,39,-2,-13,1.0,11,55,20,0,19,7,2
230,98,24,97,39,0,1,95579.0,95603,2,1,2,1.504228163019073,1,0.6056782427170598,0,0,0,1.3055862736178252,0,16,1,-15,1.0,11,55,23,0,19,10,2
231,94,42,87,39,1,1,95583.0,95579,2,1,2,0.4048917862850834,0,-0.42926328936036184,0,0,0,0.8201325027372214,0,39,7,3,3.0,11,55,25,0,19,12,1
232,87,39,84,53,0,1,95579.0,95583,2,1,2,1.35970299357215,1,0.5349972524588728,0,0,1,-0.024027502860357687,0,34,3,-14,4.0,11,55,26,0,19,13,2
233,82,56,68,64,1,0,,95579,2,1,6,0.519146114246523,0,0.6896483794044599,0,0,1,-0.7230509829817579,0,39,14,-8,5.0,11,55,29,0,19,16,1
234,64,59,58,65,1,0,,95583,2,2,9,0.7853981633974483,0,-0.21793977195330536,0,0,1,-0.3260203669421614,0,34,6,-6,2.0,11,55,35,0,19,22,3
235,75,56,69,51,1,1,95601.0,95579,2,1,6,0.6947382761967029,0,-0.4008936808538612,0,0,1,-0.6871110053685553,0,39,6,5,1.0,11,55,42,0,19,29,3
236,61,47,33,43,1,0,,95601,2,2,9,0.141897054604164,0,1.5357462012514227,0,0,0,0.26328325076302594,0,58,28,4,1.0,11,55,45,0,19,32,1
237,31,44,12,41,0,1,95591.0,95589,2,1,4,2.984990776607778,2,0.9442382298166334,1,1,1,-0.08619688845914984,0,28,19,3,2.0,11,55,48,0,19,35,0
238,8,43,15,60,0,1,95589.0,95591,2,1,1,1.18018928309721,1,0.8542414048305795,1,1,2,-1.6116930353507253,0,26,-7,-17,1.0,11,55,53,0,19,40,3
239,14,57,18,64,0,0,,95589,2,1,1,1.051650212548374,1,-0.3154814066901516,1,1,0,1.364138557157307,0,28,-4,-7,3.0,11,55,55,0,19,42,3
240,45,63,46,48,0,1,95601.0,95582,2,2,12,1.63736449057072,1,0.6056782427170598,0,0,0,0.6129096196592425,0,29,-1,15,1.0,11,56,3,0,19,50,2
241,50,46,56,40,0,1,95595.0,95601,2,2,9,2.356194490192345,1,-0.21793977195330536,0,0,1,-0.7466554539799551,0,58,-6,6,2.0,11,56,5,0,19,52,0
242,49,35,39,34,1,0,,95595,2,2,11,0.09966865249116186,0,0.08418751033554492,0,0,1,-0.39439323874059246,0,39,10,1,3.0,11,56,10,0,19,57,1
243,38,36,40,31,0,1,95586.0,95584,2,2,8,1.190289949682532,1,-0.8629246191128491,1,1,1,-0.916461445623133,0,13,-2,5,4.0,11,56,11,0,19,58,3
244,41,31,45,41,0,0,,95586,2,2,8,1.190289949682532,1,0.16897704588188017,1,1,0,0.21486547331069752,0,40,-4,-10,4.0,11,56,14,0,20,1,3
245,43,44,42,49,0,1,95583.0,95582,2,2,12,1.373400766945016,1,-0.950510275686491,0,0,0,0.1974818552856639,0,29,1,-5,4.0,11,56,17,0,20,4,2
246,42,49,31,41,1,1,95602.0,95583,2,2,12,0.6287962864154326,0,0.4736034040160992,0,0,2,-1.7702991698832955,2,34,11,8,5.0,11,56,19,0,20,6,3
247,30,42,35,43,0,1,95583.0,95602,2,0,14,2.944197093739912,2,-0.950510275686491,0,0,1,0.13454548524972798,0,23,-5,-1,3.0,11,56,21,0,20,8,0
248,37,43,25,17,0,1,95594.0,95583,2,2,12,1.138388551224359,1,1.5691481671498608,0,0,1,0.11235349046295523,0,34,12,26,4.0,11,56,22,0,20,9,3
249,0,14,-1,37,0,0,,95594,2,0,16,1.527345431403366,1,1.1799523443919493,0,0,1,-0.3814418673543638,1,20,1,-23,1.0,11,56,34,0,20,21,2
250,1,43,1,39,0,1,95588.0,95591,2,1,1,1.570796326794897,1,-1.3899741036826334,1,1,0,2.186842912123913,0,26,0,4,1.0,11,56,46,0,20,33,2
251,4,35,16,61,0,1,95589.0,95591,2,1,2,1.138388551224359,1,1.5691481671498608,1,1,0,1.770299169883295,1,26,-12,-26,2.0,11,56,52,0,20,39,3
252,17,61,21,59,1,0,,95589,2,1,4,0.4636476090008061,0,-1.1217215974958497,1,1,0,0.9695549639100599,0,28,-4,2,2.0,11,56,56,0,20,43,1
253,33,62,35,64,0,0,,95581,2,1,4,0.7853981633974483,0,-1.9243310653973649,1,1,2,-2.0391635634125107,0,26,-2,-2,3.0,11,56,59,0,20,46,3
254,28,48,33,15,0,1,95600.0,95986,2,1,4,1.420424898787762,1,1.9504860803536404,1,1,1,-0.024027502860357687,0,12,-5,33,2.0,11,57,6,0,20,53,2
255,30,23,26,26,1,1,95602.0,95988,2,0,14,0.6435011087932843,0,-1.0391778181698261,0,0,2,-1.8994298093704904,1,19,4,-3,1.0,11,57,15,0,21,2,3
256,0,32,5,43,0,1,95588.0,95591,2,1,2,1.14416883366802,1,0.3387152103021989,1,1,0,2.3422216067152526,0,26,-5,-11,1.0,11,57,32,0,21,19,3
257,4,41,9,60,0,1,95589.0,95588,2,1,2,1.313472611823808,1,0.9568199380013797,1,1,2,-1.0706095048576039,0,32,-5,-19,2.0,11,57,35,0,21,22,2
258,8,60,21,64,1,0,,95589,2,1,1,0.2984989315861793,0,0.4736034040160992,1,1,0,2.2841244631564743,0,28,-13,-4,3.0,11,57,37,0,21,24,1
259,37,56,30,52,1,1,95602.0,95583,2,2,12,0.519146114246523,0,-0.3154814066901516,0,0,1,-0.8887798526533708,0,34,7,4,2.0,11,57,44,0,21,31,1
260,30,53,36,45,0,1,95601.0,95602,2,0,15,2.214297435588181,1,0.054083033729761185,0,0,1,-0.3814418673543638,0,23,-6,8,1.0,11,57,45,0,21,32,0
261,37,41,34,29,0,1,95988.0,95601,2,2,11,1.325817663668032,1,0.36213333219497545,0,0,1,-0.7387416364677466,0,58,3,12,2.0,11,57,47,0,21,34,2
262,31,34,23,44,0,0,,95988,2,0,14,0.8960553845713437,1,0.3987249976192646,0,0,1,-0.6871110053685553,0,19,8,-10,2.0,11,57,51,0,21,38,3
263,37,59,42,57,1,1,95580.0,95986,2,2,7,0.3805063771123649,0,-0.8629246191128491,1,1,2,-0.9318042464634184,0,12,-5,2,2.0,11,57,56,0,21,43,1
264,52,61,54,64,0,0,,95582,2,2,9,2.158798930342464,1,-1.479608953136835,0,0,2,-1.6898622398570509,1,29,-2,-3,1.0,11,57,59,0,21,46,0
265,69,61,66,64,0,0,,95582,3,1,6,0.7853981633974483,0,-1.1920877569295794,0,0,2,-1.0426193999189208,1,29,3,-3,1.0,11,58,20,0,22,7,3
266,70,49,55,42,1,0,,95601,3,1,6,0.4366271598135412,0,0.7256536573942858,0,0,1,-0.16288747991300245,0,58,15,7,2.0,11,58,25,0,22,12,1
267,47,36,52,31,0,1,95601.0,95988,3,2,11,2.356194490192345,1,-0.5489101785286167,0,0,1,-0.24673693372772168,1,19,-5,5,1.0,11,58,35,0,22,22,0
268,52,31,45,29,1,1,95988.0,95601,3,2,8,0.2782996590051114,0,-0.4646633977259216,0,0,0,1.12926528068478,0,58,7,2,2.0,11,58,40,0,22,27,1
269,45,29,53,27,0,1,95601.0,95988,3,2,11,2.896613990462929,2,-0.2508670077014877,0,0,0,0.8145403557329062,0,19,-8,2,3.0,11,58,41,0,22,28,0
270,53,27,59,25,0,1,95595.0,95601,3,2,8,2.819842099193151,2,-0.7178602644454988,0,0,1,-0.15275149613594718,0,58,-6,2,4.0,11,58,44,0,22,31,0
271,43,23,38,28,1,1,95602.0,95595,3,2,11,0.7853981633974483,0,-0.5489101785286167,0,0,1,-0.4713648792669726,1,39,5,-5,4.0,11,58,49,0,22,36,3
272,38,31,48,39,0,1,95579.0,95602,3,2,11,2.466851711366241,2,0.3987249976192646,0,0,1,-0.39872499761926483,0,23,-10,-8,3.0,11,58,51,0,22,38,0
273,47,43,30,62,0,1,95597.0,95579,3,2,12,0.8408966686431651,1,1.3294302289248132,0,0,0,1.1142412139246307,0,39,17,-19,4.0,11,58,53,0,22,40,3
274,35,51,46,54,0,1,95579.0,95597,3,2,12,2.875340604438868,2,0.2550013652989333,0,0,0,0.6820494740957681,0,25,-11,-3,2.0,11,59,1,0,22,48,0
275,47,54,30,61,1,1,95582.0,95579,3,2,12,0.3906070436976865,0,0.8542414048305795,0,0,0,1.0021028331501485,0,39,17,-7,3.0,11,59,2,0,22,49,1
276,30,62,37,62,0,1,95597.0,95582,3,0,15,3.141592653589793,2,-0.6008748842274959,0,0,1,-0.6201731905342415,0,29,-7,0,2.0,11,59,5,0,22,52,0
277,38,62,37,50,0,1,95601.0,95597,3,2,12,1.487655094906455,1,0.32602036694216113,0,0,0,0.8427629688890163,0,25,1,12,3.0,11,59,6,0,22,53,2
278,36,42,-1,23,1,0,,95601,3,2,11,0.4743998827919071,0,2.7270788722062242,0,0,1,0.11235349046295523,2,58,37,19,4.0,11,59,10,0,22,57,1
279,2,9,-1,38,0,0,,95597,3,0,16,1.467714718272196,1,1.6043986968560595,0,0,0,1.6495181227035918,2,25,3,-29,1.0,11,59,31,0,23,18,2
280,3,35,8,60,0,1,95589.0,95591,3,1,2,1.373400766945016,1,1.3294302289248132,1,1,0,1.6982697091846282,0,26,-5,-25,1.0,12,0,4,0,23,51,2
281,30,61,35,64,1,0,,95589,3,1,4,0.5404195002705842,0,-0.7951649250209661,1,1,1,-0.6619750364658724,0,28,-5,-3,2.0,12,0,11,0,23,58,1
282,29,49,36,55,1,1,95580.0,95581,3,1,4,0.7086262721276703,0,-0.05207811164178015,1,1,1,-0.4248767592827082,1,26,-7,-6,1.0,12,0,38,0,24,25,3
283,37,55,41,54,1,1,95589.0,95580,3,2,7,0.2449786631268641,0,-1.2916290954870733,1,1,0,0.43806129207519545,0,22,-4,1,1.0,12,0,42,0,24,29,1
284,49,57,50,53,0,1,95580.0,95589,3,2,7,1.325817663668033,1,-1.2916290954870733,1,1,1,-0.355727393114589,0,28,-1,4,1.0,12,0,45,0,24,32,2
285,63,39,67,40,0,1,95595.0,95601,3,2,8,2.896613990462929,2,-1.2916290954870733,0,0,1,-0.5489101785286167,0,58,-4,-1,3.0,12,0,51,0,24,38,0
286,59,49,44,46,1,1,95602.0,95595,3,2,9,0.1973955598498804,0,0.6372505411983143,0,0,1,-0.3685541665127743,0,39,15,3,2.0,12,0,56,0,24,43,1
287,47,52,48,64,0,0,,95602,3,2,12,1.653937558683338,1,0.32602036694216113,0,0,0,0.4736034040160989,0,23,-1,-12,3.0,12,0,58,0,24,45,2
288,4,33,1,25,0,1,95987.0,95591,3,1,2,1.929566997065469,1,-0.1791403801493031,1,1,0,1.1217215974958488,0,26,3,8,1.0,12,1,13,0,25,0,2
289,8,25,15,8,0,1,95600.0,95987,3,1,2,1.18018928309721,1,0.8542414048305795,1,1,1,-0.10631117778789692,1,20,-7,17,2.0,12,1,21,0,25,8,3
290,28,5,35,9,1,0,,95600,3,1,6,0.5191461142465229,0,-0.3154814066901516,1,1,2,-1.3294302289248132,0,29,-7,-4,2.0,12,1,29,0,25,16,1
291,42,12,46,14,0,1,95595.0,95601,3,2,10,2.677945044588987,2,-1.1217215974958497,0,0,1,-0.487085018080425,0,58,-4,-2,1.0,12,1,34,0,25,21,0
292,56,12,58,32,0,1,95579.0,95595,3,2,7,1.670464979286058,1,1.0087406282789182,0,0,0,0.7178602644454983,0,39,-2,-20,1.0,12,1,38,0,25,25,2
293,57,34,39,36,1,1,95582.0,95579,3,2,8,0.1106572211738954,0,0.8201325027372214,0,0,0,1.1759456045865562,0,39,18,-2,3.0,12,1,40,0,25,27,1
294,32,42,25,48,1,0,,95582,3,0,14,0.7086262721276699,0,-0.05207811164178015,0,0,1,-0.8746045019525654,0,29,7,-6,2.0,12,1,44,0,25,31,3
295,32,42,40,48,1,0,,95581,3,1,5,0.6435011087932844,0,0.054083033729761185,1,1,2,-1.0849241032640766,0,26,-8,-6,1.0,12,1,57,0,25,44,3
296,38,43,32,42,1,1,95582.0,95583,3,2,12,0.1651486774146269,0,-0.7387416364677466,0,0,1,-0.13858720099836302,0,34,6,1,1.0,12,2,2,0,25,49,1
297,33,42,29,42,1,0,,95582,3,0,14,0.0,0,-1.3899741036826334,0,0,1,0.13454548524972798,0,29,4,0,1.0,12,2,3,0,25,50,1
298,37,45,32,46,0,1,95588.0,95581,3,2,7,2.944197093739913,2,-0.950510275686491,1,1,1,0.1811752357232323,0,26,5,-1,1.0,12,2,5,0,25,52,0
299,32,40,27,31,0,1,95987.0,95588,3,1,5,2.077894831187233,1,0.12646857555359156,1,1,1,-0.16288747991300245,0,32,5,9,2.0,12,2,9,0,25,56,0
300,23,31,12,33,0,1,95591.0,95987,3,1,5,2.961739153797315,2,0.2220420486384444,1,1,1,0.018019868522742472,0,20,11,-2,1.0,12,2,12,0,25,59,0
301,9,33,17,38,1,1,95588.0,95591,3,1,2,0.5585993153435624,0,-0.01801986852274275,1,1,0,0.2799019701501207,0,26,-8,-5,1.0,12,2,13,0,26,0,3
302,19,39,15,25,0,1,95987.0,95588,3,1,5,1.849095985800008,1,0.5535713988007632,1,1,0,1.3847328013556517,0,32,4,14,1.0,12,2,14,0,26,1,2
303,29,15,39,7,1,0,,95987,3,1,6,0.6747409422235526,0,0.3987249976192646,1,1,0,0.20974613644340304,0,20,-10,8,4.0,12,2,21,0,26,8,3
304,68,3,75,1,1,1,95593.0,95600,3,0,15,0.2782996590051113,0,-0.4646633977259216,1,1,2,-0.9988004380349521,0,29,-7,2,1.0,12,2,27,0,26,14,1
305,84,0,80,9,0,1,95601.0,95585,3,1,1,1.152571997215667,1,0.018019868522742472,0,0,1,-0.8342265109103043,0,20,4,-9,1.0,12,2,46,0,26,33,3
306,78,21,85,30,0,1,95579.0,95601,3,1,4,2.231839495645583,1,0.2550013652989333,0,0,0,0.33024604529781193,0,58,-7,-9,2.0,12,2,50,0,26,37,0
307,80,33,66,18,0,1,95988.0,95579,3,1,5,0.8198672643969562,1,1.0426193999189208,0,0,1,-0.48258142421994504,1,39,14,15,3.0,12,2,53,0,26,40,3
308,48,11,58,8,0,0,,95988,3,2,10,2.850135859111926,2,0.14667749673992114,0,0,1,-0.8342265109103043,0,19,-10,3,1.0,12,3,0,0,26,47,0
309,58,8,56,3,0,1,95586.0,95593,3,2,12,1.951302703907261,1,-0.8629246191128491,1,1,1,-0.34295888280400344,0,13,2,5,1.0,12,3,2,0,26,49,2
310,64,0,67,8,0,1,95580.0,95586,3,2,12,1.212025656524324,1,-0.1791403801493031,1,1,1,-0.5120354519770164,0,40,-3,-8,2.0,12,3,10,0,26,57,2
311,68,7,67,-1,0,0,,95580,3,0,15,1.695151321341658,1,-0.3154814066901516,1,1,1,-0.1730402265621797,0,22,1,8,1.0,12,3,13,0,27,0,2
312,63,0,57,3,1,1,95594.0,95988,3,2,7,0.4636476090008061,0,-0.6421638946742921,0,0,2,-1.6116930353507253,1,19,6,-3,2.0,12,3,18,0,27,5,1
313,58,9,57,16,0,1,95601.0,95988,3,2,7,1.428899272190733,1,-0.5489101785286167,0,0,1,-0.5676280743022034,0,19,1,-7,1.0,12,3,21,0,27,8,2
314,56,17,48,19,1,1,95988.0,95601,3,2,7,0.2449786631268642,0,-0.2508670077014877,0,0,1,-0.2757402171195277,1,58,8,-2,3.0,12,3,23,0,27,10,1
315,47,20,16,19,1,0,,95988,3,2,10,0.03224688243525398,0,1.751428051976114,0,0,2,-2.4898541484898686,1,19,31,1,4.0,12,3,26,0,27,13,1
316,13,28,14,32,0,1,95588.0,95591,3,1,2,1.325817663668033,1,-1.2916290954870733,1,1,0,1.7898226414988627,0,26,-1,-4,1.0,12,3,38,0,27,25,2
317,25,22,36,7,0,1,95600.0,95588,3,1,5,0.9380474917927135,1,0.8953368845991453,1,1,1,-0.8983301098775431,0,32,-11,15,2.0,12,3,43,0,27,30,3
318,45,6,49,12,0,1,95586.0,95600,3,2,9,0.982793723247329,1,-0.500655751372137,1,1,0,1.416772265976479,0,29,-4,-6,2.0,12,3,47,0,27,34,3
319,55,12,52,11,0,1,95600.0,95586,3,2,12,2.819842099193151,2,-1.6495181227035918,1,1,2,-2.9483367635585216,0,40,3,1,1.0,12,3,50,0,27,37,0
320,52,12,49,13,0,0,,95600,3,2,12,2.819842099193151,2,-1.6495181227035918,1,1,2,-2.5904640018645777,0,29,3,-1,1.0,12,3,51,0,27,38,0
321,44,12,49,13,0,1,95601.0,95595,3,2,10,2.944197093739912,2,-0.950510275686491,0,0,1,-0.036045590755196096,0,39,-5,-1,4.0,12,3,56,0,27,43,0
322,48,11,37,15,1,1,95602.0,95601,3,2,10,0.3487710035839067,0,0.2882401209420669,0,0,1,-0.555906520652199,0,58,11,-4,2.0,12,4,1,0,27,48,1
323,34,29,45,38,0,1,95579.0,95602,3,2,11,2.455863142683507,2,0.521187125780468,0,0,0,0.7760835081682432,0,23,-11,-9,2.0,12,4,7,0,27,54,0
324,45,38,38,37,1,1,95601.0,95579,3,2,11,0.141897054604164,0,-0.5489101785286167,0,0,0,1.427781940121386,0,39,7,1,3.0,12,4,9,0,27,56,1
325,26,39,20,42,1,0,,95601,3,0,14,0.4636476090008061,0,-0.6421638946742921,0,0,2,-1.9780477274889452,1,58,6,-3,2.0,12,4,14,0,28,1,1
326,47,52,74,48,1,1,95580.0,95589,3,2,7,0.1470783553884025,0,1.4677486003157527,1,1,0,0.6226016511733504,0,28,-27,4,1.0,12,4,21,0,28,8,1
327,84,50,86,55,0,0,,95580,3,0,16,1.190289949682532,1,-0.8629246191128491,1,1,2,-1.2169002446918635,0,22,-2,-5,1.0,12,4,25,0,28,12,3
328,85,56,94,64,0,0,,95595,3,1,3,2.414950312908068,2,0.32602036694216113,0,0,0,2.7270788722062242,0,39,-9,-8,1.0,12,4,27,0,28,14,0
329,79,62,80,59,0,1,95580.0,95986,3,0,13,1.249045772398254,1,-1.6495181227035918,1,1,1,-0.916461445623133,1,12,-1,3,1.0,12,4,56,0,28,43,2
330,71,49,69,42,0,1,95584.0,95581,3,0,13,1.849095985800008,1,-0.4646633977259216,1,1,1,-0.6274696299664214,0,26,2,7,2.0,12,5,2,0,28,49,2
331,69,40,76,16,0,1,95593.0,95584,3,0,14,1.287002217586569,1,1.2779190927936903,1,1,1,-0.23437162445576062,0,13,-7,24,3.0,12,5,4,0,28,51,2
332,73,23,73,26,0,1,95601.0,95585,3,1,5,1.570796326794897,1,-1.8100531845058563,0,0,1,-0.8746045019525654,0,20,0,-3,1.0,12,5,15,0,29,2,2
333,63,29,47,35,1,0,,95601,3,2,8,0.3587706702705722,0,0.7626252844731036,0,0,0,0.4848319919568875,0,58,16,-6,1.0,12,5,19,0,29,6,1
334,44,31,52,32,1,1,95584.0,95588,3,2,8,0.1243549945467614,0,-0.3154814066901516,1,1,1,-0.7334913758198778,0,32,-8,-1,1.0,12,5,23,0,29,10,1
335,43,25,50,29,1,1,95588.0,95987,3,2,8,0.5191461142465229,0,-0.3154814066901516,1,1,2,-1.4389674530662806,0,20,-7,-4,2.0,12,5,30,0,29,17,1
336,51,30,50,38,0,1,95589.0,95588,3,2,11,1.695151321341658,1,-0.3154814066901516,1,1,0,0.43365809479495626,0,32,1,-8,2.0,12,5,33,0,29,20,2
337,51,38,77,24,1,0,,95589,3,2,11,0.4939413689195812,0,1.6341068264602856,1,1,0,0.4557603762102141,1,28,-26,14,3.0,12,5,36,0,29,23,1
338,92,12,87,13,0,1,95586.0,95593,3,0,18,2.944197093739913,2,-0.950510275686491,1,1,1,0.1811752357232323,0,13,5,-1,1.0,12,5,45,0,29,32,0
339,98,12,101,13,1,0,,95586,3,0,18,0.3217505543966422,0,-1.6495181227035918,1,1,1,-0.3007852262713902,0,40,-3,-1,2.0,12,5,49,0,29,36,1
340,96,37,88,35,0,1,95593.0,95987,3,0,17,2.896613990462929,2,-0.2508670077014877,1,1,2,-2.1066979506460033,0,20,8,2,1.0,12,6,13,0,30,0,0
341,67,29,63,24,0,1,95588.0,95986,3,0,14,2.245537269018449,1,-0.6896483794044599,1,1,2,-1.9780477274889452,0,12,4,5,2.0,12,6,19,0,30,6,0
342,48,11,48,-1,0,0,,95594,3,2,10,1.570796326794897,1,0.3049773717354315,0,0,0,0.938003110695293,0,20,0,12,1.0,12,6,31,0,30,18,2
343,47,9,49,11,0,1,95582.0,95597,3,2,10,2.356194490192345,1,-1.9243310653973649,0,0,2,-2.1654735648631607,0,25,-2,-2,1.0,12,8,38,0,32,25,0
344,47,14,49,23,0,0,,95597,3,2,10,1.789465272668838,1,-0.05207811164178015,0,0,1,-0.8342265109103043,1,25,-2,-9,2.0,12,8,42,0,32,29,2
345,49,32,42,36,0,1,95581.0,95580,4,2,8,2.62244653934327,2,-0.3154814066901516,1,1,0,0.8285691640205045,0,22,7,-4,1.0,12,9,36,0,33,23,0
346,39,34,34,24,0,1,95987.0,95581,4,2,8,2.034443935795703,1,0.2220420486384444,1,1,0,0.6871110053685553,0,26,5,10,2.0,12,9,39,0,33,26,0
347,34,19,66,15,1,0,,95987,4,2,9,0.1243549945467614,0,1.8528925330385322,1,1,1,0.128487009065249,2,20,-32,4,3.0,12,9,42,0,33,29,1
348,70,20,79,19,1,1,95586.0,95580,4,0,15,0.1106572211738956,0,-0.09826075586142671,1,1,1,-0.7760835081682432,0,22,-9,1,1.0,12,9,51,0,33,38,1
349,87,19,94,22,1,0,,95586,4,0,18,0.4048917862850834,0,-0.42926328936036184,1,1,1,-0.6372505411983139,0,40,-7,-3,2.0,12,9,53,0,33,40,1
350,98,32,98,23,0,1,95595.0,95603,4,1,2,1.570796326794897,1,-0.11436849568081701,0,0,0,2.590464001864593,0,16,0,9,1.0,12,10,13,0,34,0,2
351,74,42,71,60,0,1,95583.0,95595,4,1,5,1.40564764938027,1,0.8285691640205045,0,0,1,-0.20974613644340317,0,39,3,-18,1.0,12,10,23,0,34,10,2
352,71,55,76,39,0,1,95595.0,95583,4,1,6,1.873681195169868,1,0.7440123401610791,0,0,0,0.5326885387397094,0,34,-5,16,2.0,12,10,28,0,34,15,2
353,75,37,51,5,0,1,95585.0,95595,4,1,5,0.9272952180016123,1,2.4898541484898637,0,0,2,-0.9988004380349521,1,39,24,32,3.0,12,10,31,0,34,18,3
354,28,5,19,7,1,1,95597.0,95585,4,0,13,0.2186689458739419,0,-0.05207811164178015,0,0,0,0.30497737173543116,0,20,9,-2,1.0,12,10,39,0,34,26,1
355,20,12,27,21,0,1,95601.0,95597,4,0,13,2.231839495645583,1,0.2550013652989333,0,0,2,-1.6573729862809796,0,25,-7,-9,2.0,12,10,44,0,34,31,0
356,21,25,12,26,1,1,95597.0,95601,4,0,14,0.1106572211738954,0,-0.09826075586142671,0,0,0,0.7075363577087743,0,58,9,-1,3.0,12,10,47,0,34,34,1
357,0,29,1,32,0,1,95591.0,95987,4,1,2,1.249045772398254,1,-1.6495181227035918,1,1,0,1.2511969799391158,0,20,-1,-3,1.0,12,10,58,0,34,45,2
358,3,34,3,24,0,1,95987.0,95591,4,1,2,1.570796326794897,1,0.054083033729761185,1,1,0,2.106697950646002,0,26,0,10,1.0,12,11,8,0,34,55,2
359,1,24,19,35,1,1,95584.0,95987,4,1,2,0.5485494024505281,0,1.0670649849809624,1,1,0,1.1679882572174303,0,20,-18,-11,2.0,12,11,9,0,34,56,3
360,20,35,23,40,0,1,95582.0,95587,4,0,14,2.111215827065481,1,-0.7951649250209661,0,0,1,-0.6871110053685553,0,22,-3,-5,2.0,12,11,13,0,35,0,0
361,22,42,18,35,0,1,95587.0,95582,4,0,14,1.051650212548374,1,-0.3154814066901516,0,0,0,0.4468933347551856,0,29,4,7,2.0,12,11,14,0,35,1,3
362,15,37,13,42,0,0,,95587,4,0,17,1.190289949682532,1,-0.8629246191128491,0,0,1,-0.26328325076302606,1,22,2,-5,2.0,12,11,16,0,35,3,3
363,13,41,3,40,0,1,95591.0,95588,4,1,2,3.041924001098631,2,0.08418751033554492,1,1,1,-0.40741110748028436,0,32,10,1,3.0,12,11,17,0,35,4,0
364,4,39,-1,36,0,0,,95591,4,1,2,2.601173153319209,2,-0.7951649250209661,1,1,1,-0.7869521046936432,0,26,5,3,3.0,12,11,18,0,35,5,0
365,49,32,41,36,0,1,95581.0,95580,4,2,8,2.677945044588987,2,-0.128487009065249,1,1,0,1.3150342185007071,0,22,8,-4,1.0,12,11,51,0,35,38,0
366,41,34,35,26,0,1,95987.0,95581,4,2,8,2.214297435588181,1,0.054083033729761185,1,1,0,0.7024026149191305,0,26,6,8,2.0,12,11,54,0,35,41,0
367,34,25,31,34,0,1,95588.0,95987,4,2,8,1.892546881191539,1,-0.00400420922212497,1,1,0,0.39439323874059246,0,20,3,-9,3.0,12,11,56,0,35,43,2
368,28,34,11,31,0,1,95591.0,95588,4,1,5,2.966920454581554,2,0.7706834758294233,1,1,0,0.6177483818235956,0,32,17,3,3.0,12,11,58,0,35,45,0
369,10,32,15,22,0,1,95987.0,95591,4,1,2,1.10714871779409,1,0.2220420486384444,1,1,0,0.20565462751628655,0,26,-5,10,2.0,12,12,1,0,35,48,3
370,25,19,37,4,0,1,95600.0,95987,4,1,6,0.8960553845713439,1,0.938003110695293,1,1,0,0.9073584911707471,0,20,-12,15,3.0,12,12,7,0,35,54,3
371,37,4,40,11,0,1,95586.0,95600,4,2,9,1.165904540509813,1,-0.42926328936036184,1,1,0,0.4691287140374771,1,29,-3,-7,2.0,12,12,9,0,35,56,3
372,42,10,40,12,0,0,,95586,4,2,9,2.356194490192345,1,-1.9243310653973649,1,1,1,-0.16288747991300245,0,40,2,-2,2.0,12,12,10,0,35,57,0
373,28,10,7,20,1,0,,95601,4,0,13,0.4444192099010986,0,1.2002765630732743,0,0,1,-0.12445065715328514,1,58,21,-10,1.0,12,12,13,0,36,0,1
374,5,34,6,37,0,1,95588.0,95591,4,1,2,1.249045772398254,1,-1.6495181227035918,1,1,0,1.8874082873967684,0,26,-1,-3,1.0,12,12,24,0,36,11,2
375,5,37,15,60,0,1,95589.0,95588,4,1,2,1.160668986253406,1,1.3102956258477438,1,1,0,0.8834432990991838,0,32,-10,-23,2.0,12,12,26,0,36,13,3
376,21,33,33,15,0,1,95586.0,95589,4,1,5,0.982793723247329,1,1.0921654550894304,1,1,1,0.018019868522742472,1,28,-12,18,1.0,12,12,36,0,36,23,3
377,32,16,35,10,0,1,95600.0,95586,4,1,6,1.10714871779409,1,-0.6421638946742921,1,1,0,1.1839781172055508,0,40,-3,6,2.0,12,12,38,0,36,25,3
378,47,7,53,10,1,1,95586.0,95600,4,2,9,0.4636476090008061,0,-0.6421638946742921,1,1,0,0.7653058239434931,0,29,-6,-3,2.0,12,12,41,0,36,28,1
379,71,17,83,19,1,0,,95586,4,0,15,0.1651486774146268,0,0.34720874059984014,1,1,2,-1.5228528383042355,0,40,-12,-2,1.0,12,12,47,0,36,34,1
380,49,33,57,33,0,1,95601.0,95602,4,2,11,3.141592653589793,2,-0.3771390297041054,0,0,0,1.0777391993447984,0,23,-8,0,1.0,12,13,20,0,37,7,0
381,58,34,70,31,0,1,95595.0,95601,4,2,8,2.896613990462929,2,0.36213333219497545,0,0,0,0.5605858906367133,0,58,-12,3,2.0,12,13,23,0,37,10,0
382,69,31,69,44,0,1,95579.0,95595,4,1,5,1.570796326794897,1,0.41394588591588705,0,0,0,0.500655751372138,0,39,0,-13,2.0,12,13,26,0,37,13,2
383,65,45,59,40,1,1,95601.0,95579,4,2,9,0.6947382761967029,0,-0.4008936808538612,0,0,0,1.395253871001334,0,39,6,5,3.0,12,13,29,0,37,16,3
384,63,37,57,8,0,1,95585.0,95601,4,2,8,1.366778347202348,1,1.6495181227035918,0,0,1,-0.3175863599789561,0,58,6,29,3.0,12,13,32,0,37,19,2
385,56,7,38,11,1,0,,95585,4,2,7,0.2186689458739419,0,0.8834432990991828,0,0,0,0.5699817210254043,0,20,18,-4,1.0,12,13,35,0,37,22,1
386,37,10,42,3,0,1,95592.0,95600,4,2,9,0.9505468408120752,1,-0.14667749673992128,1,1,0,1.296253454044189,0,29,-5,7,3.0,12,13,39,0,37,26,3
387,50,1,55,0,1,1,95586.0,95592,4,2,12,0.1973955598498807,0,-0.950510275686491,1,1,1,-0.2819846615516961,0,22,-5,1,3.0,12,13,44,0,37,31,1
388,52,4,48,10,0,1,95602.0,95597,4,2,7,0.9827937232473292,1,-0.500655751372137,0,0,1,-0.2924166870253004,0,25,4,-6,3.0,12,13,48,0,37,35,3
389,47,13,49,18,0,0,,95602,4,2,10,1.951302703907261,1,-0.8629246191128491,0,0,1,-0.6056782427170598,1,23,-2,-5,3.0,12,13,50,0,37,37,2
390,29,21,3,13,1,1,95597.0,95601,4,0,13,0.2984989315861792,0,1.4446283674275,0,0,1,-0.8145403557329063,0,58,26,8,2.0,12,13,57,0,37,44,1
391,0,11,4,30,0,1,95587.0,95597,4,0,16,1.778292553230099,1,0.9505102756864908,0,0,1,0.16897704588188017,3,25,-4,-19,2.0,12,14,1,0,37,48,2
392,8,35,9,40,0,1,95583.0,95587,4,0,17,1.768191886644777,1,-0.950510275686491,0,0,0,0.8600230115418477,0,22,-1,-5,3.0,12,14,4,0,37,51,2
393,10,41,6,44,1,0,,95583,4,0,17,0.6435011087932843,0,-1.0391778181698261,0,0,1,-0.23025789847559838,0,34,4,-3,4.0,12,14,5,0,37,52,3
394,7,44,1,36,0,1,95588.0,95986,4,1,1,2.214297435588181,1,0.054083033729761185,1,1,1,-0.21999044752696323,0,12,6,8,4.0,12,14,6,0,37,53,0
395,0,34,0,46,0,1,95986.0,95588,4,1,2,1.570796326794897,1,0.3049773717354315,1,1,0,1.2338671930063305,0,32,0,-12,3.0,12,14,8,0,37,55,2
396,8,42,18,43,1,0,,95581,4,1,2,0.09966865249116202,0,0.08418751033554492,1,1,1,0.08418751033554547,0,26,-10,-1,1.0,12,14,14,0,38,1,1
397,16,42,19,45,0,1,95582.0,95587,4,0,17,2.356194490192345,1,-1.1920877569295794,0,0,0,0.6669683780718988,0,22,-3,-3,3.0,12,14,15,0,38,2,0
398,20,44,20,47,0,1,95587.0,95582,4,0,15,1.570796326794897,1,-1.8100531845058563,0,0,0,0.746655453979955,0,29,0,-3,2.0,12,14,16,0,38,3,2
399,21,48,36,48,0,1,95579.0,95587,4,0,15,3.141592653589793,2,0.58654699964129,0,0,1,-0.5188951417974166,0,22,-15,0,2.0,12,14,17,0,38,4,0
400,36,48,27,53,1,1,95587.0,95579,4,2,12,0.5070985043923368,0,0.12646857555359156,0,0,0,1.1445486690244748,0,39,9,-5,1.0,12,14,20,0,38,7,1
401,4,34,5,39,0,1,95588.0,95591,4,1,2,1.373400766945016,1,-0.950510275686491,1,1,0,1.9243310653973638,0,26,-1,-5,1.0,12,14,44,0,38,31,2
402,5,40,18,36,1,0,,95588,4,1,2,0.2984989315861793,0,0.4736034040160992,1,1,0,0.24673693372772168,0,32,-13,4,2.0,12,14,46,0,38,33,1
403,18,45,27,64,0,0,,95581,4,1,4,1.128422103818152,1,1.0565109861826298,1,1,1,-0.2819846615516961,0,26,-9,-19,3.0,12,14,51,0,38,38,3
404,41,54,50,66,0,0,,95580,4,2,7,0.9272952180016122,1,0.58654699964129,1,1,1,-0.7924213819907673,0,22,-9,-12,2.0,12,14,55,0,38,42,3
405,36,57,46,51,1,1,95581.0,95588,4,2,7,0.5404195002705842,0,0.2757402171195277,1,1,1,-0.704967163857433,1,32,-10,6,1.0,12,15,16,0,39,3,1
406,45,42,46,38,0,0,,95581,4,2,8,1.325817663668033,1,-1.2916290954870733,1,1,0,0.6719784051968473,1,26,-1,4,2.0,12,15,20,0,39,7,2
407,45,36,50,35,0,1,95601.0,95988,4,2,11,2.944197093739912,2,-0.950510275686491,0,0,0,0.20156655845936428,0,19,-5,1,3.0,12,15,21,0,39,8,0
408,50,32,31,20,1,0,,95601,4,2,8,0.563316261491968,0,1.1522915747410063,0,0,0,0.31337785031924825,1,58,19,12,4.0,12,15,24,0,39,11,3
409,27,17,-1,19,0,0,,95987,4,1,6,3.070285188804503,2,1.522852838304235,1,1,2,-1.5085399092404703,0,20,28,-2,3.0,12,15,27,0,39,14,0
410,15,7,28,11,1,1,95586.0,95987,4,1,3,0.2984989315861793,0,0.4736034040160992,1,1,0,0.858574920075777,0,20,-13,-4,1.0,12,15,37,0,39,24,1
411,30,11,40,3,1,1,95600.0,95586,4,1,6,0.6747409422235526,0,0.3987249976192646,1,1,2,-1.0777391993447984,0,40,-10,8,2.0,12,15,39,0,39,26,3
412,41,2,45,-1,1,0,,95600,4,2,9,0.6435011087932844,0,-1.0391778181698261,1,1,0,1.268910902308261,0,29,-4,3,2.0,12,15,40,0,39,27,3
413,49,0,53,7,0,1,95601.0,95585,4,2,10,2.089942441041419,1,-0.3154814066901516,0,0,0,0.6470927998314895,0,20,-4,-7,2.0,12,15,46,0,39,33,0
414,53,8,59,3,0,1,95595.0,95601,4,2,7,2.44685437739309,2,-0.4008936808538612,0,0,1,-0.61532719985985,0,58,-6,5,1.0,12,15,48,0,39,35,0
415,59,3,58,6,0,0,,95595,4,2,7,1.249045772398254,1,-1.6495181227035918,0,0,1,-0.8983301098775431,1,39,1,-3,4.0,12,15,49,0,39,36,2
416,49,19,57,32,0,1,95579.0,95601,4,2,10,2.122451309323443,1,0.629909199493931,0,0,0,0.3408362792976178,0,58,-8,-13,4.0,12,15,53,0,39,40,0
417,55,37,47,40,1,1,95582.0,95579,4,2,8,0.3587706702705722,0,-0.1791403801493031,0,0,1,-0.4204983893664647,1,39,8,-3,4.0,12,15,56,0,39,43,1
418,46,42,45,57,0,1,95583.0,95582,4,2,11,1.504228163019073,1,0.6056782427170598,0,0,1,0.062104977442032354,0,29,1,-15,4.0,12,15,58,0,39,45,2
419,42,63,42,58,0,0,,95583,4,2,12,1.570796326794897,1,-1.0391778181698261,0,0,0,0.3535953328612842,0,34,0,5,4.0,12,16,1,0,39,48,2
420,52,61,58,45,0,1,95580.0,95581,4,2,10,1.212025656524324,1,0.7626252844731036,1,1,2,-2.4094989759606062,0,26,-6,16,4.0,12,16,5,0,39,52,2
421,57,47,63,16,0,1,95592.0,95580,4,2,10,1.379611867197882,1,1.7898226414988627,1,1,2,-1.9780477274889452,0,22,-6,31,3.0,12,16,8,0,39,55,2
422,69,17,83,14,1,1,95586.0,95592,4,0,15,0.2110933332227465,0,0.5349972524588728,1,1,1,-0.5582446776919856,0,22,-14,3,2.0,12,16,14,0,40,1,1
423,97,12,101,13,1,0,,95586,4,0,18,0.2449786631268641,0,-1.2916290954870733,1,1,2,-1.3294302289248132,0,40,-4,-1,2.0,12,16,21,0,40,8,1
424,94,35,100,40,1,0,,95588,4,0,17,0.6947382761967031,0,-0.4008936808538612,1,1,2,-1.1142412139246307,0,32,-6,-5,1.0,12,16,42,0,40,29,3
425,98,33,93,32,1,1,95601.0,95603,4,1,2,0.1973955598498804,0,-0.950510275686491,0,0,0,2.2328459423636917,0,16,5,1,1.0,12,17,0,0,40,47,1
426,85,36,79,40,1,1,95582.0,95601,4,1,2,0.5880026035475674,0,-0.500655751372137,0,0,0,0.5051997721344769,0,58,6,-4,2.0,12,17,7,0,40,54,3
427,78,40,93,20,0,1,95595.0,95582,4,1,5,2.214297435588181,1,1.2779190927936903,0,0,0,0.24261106420568662,1,29,-15,20,3.0,12,17,8,0,40,55,0
428,86,16,72,2,1,1,95585.0,95595,4,1,1,0.7853981633974483,0,0.9727633606170364,0,0,0,0.2529336460780648,0,39,14,14,3.0,12,17,13,0,41,0,3
429,70,5,56,23,0,1,95602.0,95585,4,1,4,0.9097531579442095,1,1.1640371776284826,0,0,1,-0.355727393114589,0,20,14,-18,3.0,12,17,17,0,41,4,3
430,49,27,39,46,0,1,95583.0,95602,4,2,11,1.086318397757873,1,1.0813246736675617,0,0,1,-0.13858720099836302,0,23,10,-19,1.0,12,17,23,0,41,10,3
431,39,47,33,41,0,1,95587.0,95583,4,2,12,0.7853981633974483,0,-0.21793977195330536,0,0,0,0.7230509829817579,1,34,6,6,1.0,12,17,24,0,41,11,3
432,51,33,75,15,1,0,,95580,4,2,11,0.6435011087932844,0,1.665331459860691,1,1,0,1.01542316912023,1,22,-24,18,1.0,12,18,8,0,41,55,3
433,79,13,91,-1,0,0,,95585,4,1,4,2.279422598922567,1,0.8834432990991828,0,0,1,-0.24261106420568662,0,20,-12,14,1.0,12,18,13,0,42,0,0
434,92,0,87,4,0,1,95581.0,95592,4,0,18,2.466851711366241,2,-0.6896483794044599,1,1,0,0.6619750364658724,0,22,5,-4,1.0,12,18,23,0,42,10,0
435,87,3,84,4,0,0,,95581,4,0,18,2.819842099193151,2,-1.6495181227035918,1,1,2,-1.3294302289248132,0,26,3,-1,2.0,12,18,24,0,42,11,0
436,70,14,75,10,1,1,95581.0,95584,4,0,15,0.6747409422235526,0,-0.6896483794044599,1,1,1,0.14870155093082568,1,13,-5,4,3.0,12,18,30,0,42,17,3
437,86,9,88,10,0,1,95585.0,95988,4,1,1,2.677945044588987,2,-2.1066979506460033,0,0,2,-0.9631679249519125,0,19,-2,-1,1.0,12,18,34,0,42,21,0
438,94,16,90,9,0,1,95585.0,95595,4,1,1,1.051650212548374,1,-0.3154814066901516,0,0,1,-0.20565462751628655,1,39,4,7,1.0,12,18,38,0,42,25,3
439,90,5,88,2,0,1,95592.0,95580,4,0,18,2.158798930342464,1,-1.479608953136835,1,1,1,-0.05408303372976132,0,22,2,3,1.0,12,18,49,0,42,36,0
440,87,1,78,17,0,0,,95592,4,0,18,2.083185787105634,1,0.8370652170587243,1,1,1,-0.05408303372976132,0,22,9,-16,2.0,12,18,50,0,42,37,0
441,73,21,63,23,1,1,95602.0,95594,4,1,4,0.1973955598498804,0,0.10429794666957114,0,0,1,-0.712688815966813,0,20,10,-2,2.0,12,18,54,0,42,41,1
442,66,29,68,24,0,0,,95602,4,2,8,1.951302703907261,1,-0.8629246191128491,0,0,2,-1.2555885751245643,0,23,-2,5,2.0,12,18,58,0,42,45,2
443,70,18,69,25,0,1,95601.0,95988,4,1,4,1.428899272190733,1,-0.5489101785286167,0,0,2,-1.0426193999189208,0,19,1,-7,2.0,12,19,1,0,42,48,2
444,67,33,75,37,0,1,95579.0,95601,4,1,5,2.677945044588987,2,-0.128487009065249,0,0,0,0.2591400862316548,0,58,-8,-4,1.0,12,19,5,0,42,52,0
445,76,37,80,28,0,1,95595.0,95579,4,1,5,1.989020656374126,1,0.018019868522742472,0,0,1,0.15275149613594718,0,39,-4,9,1.0,12,19,6,0,42,53,2
446,79,30,65,48,0,1,95587.0,95595,4,1,5,0.9097531579442095,1,1.1640371776284826,0,0,0,1.3540549420547707,1,39,14,-18,4.0,12,19,9,0,42,56,3
447,66,47,58,49,1,0,,95587,4,2,9,0.2449786631268642,0,-0.2508670077014877,0,0,0,0.9442382298166334,0,22,8,-2,3.0,12,19,11,0,42,58,1
448,24,64,1,51,0,1,95588.0,95584,4,1,4,2.627141340530765,2,1.3899741036826327,1,1,2,-1.5900608648124668,0,13,23,13,1.0,12,19,27,0,43,14,0
449,8,58,23,65,1,0,,95588,4,1,1,0.4366271598135413,0,0.7256536573942858,1,1,0,1.9504860803536404,0,32,-15,-7,1.0,12,19,39,0,43,26,1
450,33,46,30,44,0,0,,95589,4,1,4,2.553590050042226,2,-1.479608953136835,1,1,2,-1.2169002446918635,1,28,3,2,2.0,12,19,45,0,43,32,0
451,31,44,29,41,1,1,95602.0,95601,4,0,15,0.9827937232473292,1,-1.479608953136835,0,0,0,0.4780875970752639,0,58,2,3,2.0,12,19,46,0,43,33,3
452,32,38,34,34,0,1,95988.0,95601,4,0,14,2.034443935795703,1,-1.1217215974958497,0,0,1,0.05007339887119473,0,58,-2,4,2.0,12,19,47,0,43,34,0
453,26,26,17,21,1,1,95597.0,95988,4,0,14,0.5070985043923368,0,0.12646857555359156,0,0,1,-0.10631117778789692,0,19,9,5,1.0,12,19,50,0,43,37,1
454,17,20,21,31,0,1,95601.0,95597,4,0,13,1.919567330378803,1,0.2882401209420669,0,0,1,-0.6972873177984533,1,25,-4,-11,1.0,12,19,52,0,43,39,2
455,19,26,17,27,1,0,,95601,4,0,14,0.4636476090008061,0,-2.1066979506460033,0,0,2,-1.2381648227152988,0,58,2,-1,3.0,12,19,57,0,43,44,1
456,19,30,26,31,1,0,,95586,4,1,5,0.1418970546041639,0,-0.5489101785286167,1,1,1,-0.06812403082534672,0,40,-7,-1,2.0,12,20,0,0,43,47,1
457,49,32,43,28,0,1,95586.0,95580,5,2,8,2.553590050042226,2,-0.500655751372137,1,1,0,0.5794281425110618,0,22,6,4,1.0,12,21,9,0,44,56,0
458,42,28,75,55,1,0,,95586,5,2,8,0.6857295109062863,0,2.9483367635585065,1,1,0,0.6080851655874865,0,40,-33,-27,2.0,12,21,11,0,44,58,3
459,94,57,96,37,0,0,,95589,5,0,16,1.471127674303735,1,1.0087406282789182,1,1,0,0.2674309397205179,1,28,-2,20,1.0,12,21,20,0,45,7,2
460,95,36,101,43,0,0,,95603,5,1,2,2.279422598922567,1,-0.05207811164178015,0,0,0,0.4513224198431913,0,16,-6,-7,1.0,12,21,21,0,45,8,0
461,90,30,91,34,0,0,,95589,5,0,17,1.325817663668033,1,-1.2916290954870733,1,1,1,-0.024027502860357687,1,28,-1,-4,1.0,12,21,47,0,45,34,2
462,92,32,93,43,0,1,95583.0,95587,5,1,2,1.661456213995642,1,0.19136095070916465,0,0,1,-0.7760835081682432,0,22,-1,-11,1.0,12,21,48,0,45,35,2
463,99,58,99,33,0,0,,95586,5,0,16,1.570796326794897,1,1.2779190927936903,1,1,0,1.733160797744486,1,40,0,25,2.0,12,21,56,0,45,43,2
464,79,27,44,26,0,1,95987.0,95592,5,0,14,3.113028995751033,2,2.0886280956212313,1,1,0,1.5760426499843487,0,22,35,1,1.0,12,22,10,0,45,57,0
465,43,26,50,30,1,1,95584.0,95987,5,2,8,0.5191461142465229,0,-0.3154814066901516,1,1,0,1.4059316936786121,0,20,-7,-4,1.0,12,22,15,0,46,2,1
466,49,33,57,33,0,1,95601.0,95602,5,2,11,3.141592653589793,2,-0.3771390297041054,0,0,0,1.0921654550894304,0,23,-8,0,2.0,12,22,23,0,46,10,0
467,59,33,71,29,0,1,95595.0,95601,5,2,8,2.819842099193151,2,0.372843163282221,0,0,1,-0.5489101785286167,0,58,-12,4,2.0,12,22,26,0,46,13,0
468,71,34,53,57,0,1,95583.0,95595,5,1,5,0.9067501639682121,1,1.6190741501414476,0,0,1,0.0,1,39,18,-23,2.0,12,22,30,0,46,17,3
469,33,59,29,44,0,1,95594.0,95583,5,0,15,1.310193935047556,1,0.6421638946742921,0,0,1,-0.04406043550447573,1,34,4,15,1.0,12,22,38,0,46,25,2
470,26,42,29,35,0,0,,95594,5,0,14,1.97568811307998,1,-0.42926328936036184,0,0,1,-0.03203906869124208,0,20,-3,7,2.0,12,22,40,0,46,27,2
471,29,35,37,40,1,1,95581.0,95586,5,1,5,0.5585993153435624,0,-0.01801986852274275,1,1,0,0.4468933347551856,0,40,-8,-5,2.0,12,22,41,0,46,28,3
472,35,36,32,33,0,0,,95581,5,2,8,2.356194490192345,1,-1.1920877569295794,1,1,2,-1.427781940121386,1,26,3,3,2.0,12,22,44,0,46,31,0
473,34,46,33,51,0,1,95587.0,95601,5,2,12,1.373400766945016,1,-0.950510275686491,0,0,2,-1.0426193999189208,0,58,1,-5,2.0,12,22,52,0,46,39,2
474,34,55,54,52,0,1,95579.0,95587,5,2,12,2.992702705980296,2,1.0255328763125542,0,0,1,-0.7466554539799551,0,22,-20,3,2.0,12,22,54,0,46,41,0
475,54,52,39,47,1,1,95601.0,95579,5,2,9,0.3217505543966421,0,0.6719784051968481,0,0,0,0.5936957069387839,0,39,15,5,3.0,12,22,56,0,46,43,1
476,36,47,34,48,1,0,,95601,5,2,12,0.4636476090008061,0,-2.1066979506460033,0,0,2,-1.4736528648588596,0,58,2,-1,4.0,12,22,58,0,46,45,1
477,58,35,67,23,0,1,95592.0,95589,5,2,11,0.9272952180016122,1,0.58654699964129,1,1,1,0.04005269151676625,0,28,-9,12,2.0,12,23,6,0,46,53,3
478,77,30,82,39,0,1,95593.0,95592,5,0,14,1.06369782240256,1,0.12646857555359156,1,1,1,-0.2695065062749654,2,22,-5,-9,1.0,12,23,11,0,46,58,3
479,82,40,85,38,1,0,,95593,5,0,14,0.5880026035475675,0,-1.479608953136835,1,1,1,-0.364271938811459,1,13,-3,2,1.0,12,23,12,0,46,59,3
480,95,34,93,33,1,1,95601.0,95603,5,1,2,0.4636476090008061,0,-2.1066979506460033,0,0,0,1.6815725500129504,0,16,2,1,1.0,12,23,25,0,47,12,1
481,94,35,97,44,0,1,95579.0,95601,5,1,2,1.892546881191539,1,-0.00400420922212497,0,0,0,0.8484882127833119,0,58,-3,-9,2.0,12,23,27,0,47,14,2
482,97,49,96,55,0,0,,95579,5,1,3,1.40564764938027,1,-0.7387416364677466,0,0,0,0.5097542483854218,0,39,1,-6,3.0,12,23,29,0,47,16,2
483,97,54,95,64,0,0,,95593,5,0,16,1.768191886644777,1,0.10429794666957114,1,1,0,0.6323525237018937,0,13,2,-10,3.0,12,23,30,0,47,17,2
484,55,40,58,39,0,0,,95988,5,2,8,2.819842099193151,2,-1.6495181227035918,0,0,2,-2.342221606715254,1,19,-3,1,1.0,12,23,55,0,47,42,0
485,53,24,56,22,0,1,95595.0,95583,5,2,8,2.553590050042226,2,-1.479608953136835,0,0,1,-0.4646633977259216,0,34,-3,2,1.0,12,24,8,0,47,55,0
486,50,24,45,17,0,1,95601.0,95595,5,2,8,0.9505468408120752,1,-0.14667749673992128,0,0,1,-0.5234818509372249,0,39,5,7,2.0,12,24,13,0,48,0,3
487,43,15,31,17,1,1,95602.0,95601,5,2,10,0.1651486774146269,0,0.34720874059984014,0,0,1,-0.05408303372976132,0,58,12,-2,3.0,12,24,15,0,48,2,1
488,26,13,21,3,0,1,95597.0,95602,5,0,13,1.10714871779409,1,0.2220420486384444,0,0,1,-0.8542414048305793,0,23,5,10,2.0,12,24,18,0,48,5,3
489,26,9,11,38,0,0,,95597,5,0,13,1.093450944421225,1,1.8994298093704913,0,0,1,-0.649563152670695,3,25,15,-29,2.0,12,24,22,0,48,9,3
490,66,53,59,48,0,1,95584.0,95580,5,2,10,2.521343167606972,2,-0.14667749673992128,1,1,1,-0.0641110678128883,1,22,7,5,1.0,12,24,51,0,48,38,0
491,59,50,57,53,0,1,95588.0,95584,5,2,10,2.158798930342464,1,-1.479608953136835,1,1,1,-0.5373088213292052,0,13,2,-3,2.0,12,24,56,0,48,43,0
492,57,55,64,53,1,1,95584.0,95588,5,2,10,0.2782996590051113,0,-0.4646633977259216,1,1,1,-0.4030642512094185,0,32,-7,2,3.0,12,24,57,0,48,44,1
493,64,53,67,52,1,1,95580.0,95584,5,2,10,0.3217505543966422,0,-1.6495181227035918,1,1,1,0.05007339887119473,0,13,-3,1,4.0,12,24,58,0,48,45,1
494,61,52,62,55,0,1,95588.0,95584,5,2,10,1.249045772398254,1,-1.6495181227035918,1,1,1,-0.2965983601989511,0,13,-1,-3,4.0,12,25,5,0,48,52,2
495,64,55,66,54,1,1,95589.0,95588,5,2,10,0.4636476090008061,0,-2.1066979506460033,1,1,0,0.3685541665127742,0,32,-2,1,2.0,12,25,8,0,48,55,1
496,68,51,95,34,1,0,,95589,5,0,13,0.5619215622568153,0,1.8310528725237953,1,1,0,1.0495398759466192,1,28,-27,17,1.0,12,25,15,0,49,2,3
497,96,33,96,26,0,1,95595.0,95603,5,1,2,1.570796326794897,1,-0.6008748842274959,0,0,0,1.2779190927936903,0,16,0,7,1.0,12,25,34,0,49,21,2
498,79,39,67,62,0,1,95583.0,95595,5,1,5,1.089909046599561,1,1.364138557157307,0,0,1,0.16085897728631723,0,39,12,-23,2.0,12,25,39,0,49,26,3
499,59,62,19,55,1,1,95587.0,95583,5,2,9,0.1732456664523649,0,2.5904640018645853,0,0,0,0.5559065206521988,0,34,40,7,1.0,12,25,44,0,49,31,1
500,0,49,5,44,0,0,,95587,5,0,18,2.356194490192345,1,-0.5489101785286167,0,0,0,1.0994645346074927,0,22,-5,5,1.0,12,25,52,0,49,39,0
501,4,44,5,47,0,1,95588.0,95589,5,1,1,1.249045772398254,1,-1.6495181227035918,1,1,0,0.9631679249519125,0,28,-1,-3,1.0,12,25,55,0,49,42,2
502,34,55,65,62,1,1,95593.0,95588,5,2,7,0.2220819019054802,0,1.8100531845058556,1,1,1,-0.355727393114589,0,32,-31,-7,1.0,12,26,5,0,49,52,1
503,70,62,65,35,0,1,95586.0,95593,5,0,13,1.753907144057381,1,1.4977996818524217,1,1,1,-0.34720874059984047,1,13,5,27,1.0,12,26,10,0,49,57,2
504,74,22,84,27,1,0,,95586,5,0,14,0.4636476090008061,0,0.2220420486384444,1,1,1,-0.3091748837828653,2,40,-10,-5,2.0,12,26,18,0,50,5,1
505,89,34,96,35,0,1,95603.0,95579,5,1,2,2.999695598985629,2,-0.5489101785286167,0,0,0,1.0706095048576039,0,39,-7,-1,1.0,12,26,22,0,50,9,0
506,95,38,98,27,0,1,95595.0,95603,5,1,2,1.837048375945822,1,0.2550013652989333,0,0,0,1.1368737806369857,0,16,-3,11,1.0,12,26,23,0,50,10,2
507,86,12,80,3,0,1,95585.0,95595,5,1,1,0.9827937232473292,1,0.1791403801493031,0,0,0,1.2424854433594505,0,39,6,9,1.0,12,26,40,0,50,27,3
508,66,0,61,2,0,1,95600.0,95586,5,2,12,2.761086276477428,2,-0.8629246191128491,1,1,0,1.0221513655465198,0,40,5,-2,1.0,12,26,53,0,50,40,0
509,66,0,72,6,1,0,,95600,5,2,12,0.7853981633974483,0,-0.21793977195330536,1,1,1,0.17304022656217957,1,29,-6,-6,2.0,12,26,58,0,50,45,3
510,72,5,68,5,1,1,95597.0,95988,5,1,4,0.0,0,-1.3899741036826334,0,0,2,-1.6573729862809796,0,19,4,0,2.0,12,26,59,0,50,46,1
511,69,6,79,10,0,1,95595.0,95597,5,1,4,2.761086276477428,2,0.16897704588188017,0,0,2,-1.4607303489835233,1,25,-10,-4,2.0,12,27,1,0,50,48,0
512,84,14,73,3,1,1,95585.0,95595,5,1,1,0.7853981633974483,0,0.6470927998314895,0,0,0,1.5357462012514227,0,39,11,11,1.0,12,27,6,0,50,53,3
513,72,3,66,6,1,0,,95585,5,1,4,0.4636476090008061,0,-0.6421638946742921,0,0,2,-1.5760426499843492,0,20,6,-3,2.0,12,27,12,0,50,59,1
514,53,0,48,3,0,1,95600.0,95586,5,2,12,2.601173153319209,2,-0.7951649250209661,1,1,2,-1.852892533038533,0,40,5,-3,1.0,12,27,18,0,51,5,0
515,47,4,47,4,0,0,,95600,5,2,9,0.0,0,-5.199337582605575,1,1,2,-1.148411515598406,0,29,0,0,1.0,12,27,19,0,51,6,1
516,28,23,19,36,0,1,95594.0,95597,5,0,14,0.9652516631899264,1,0.6719784051968481,0,0,0,0.4848319919568875,0,25,9,-13,2.0,12,27,26,0,51,13,3
517,4,33,5,41,0,1,95588.0,95591,5,1,2,1.446441332248135,1,-0.3154814066901516,1,1,0,2.038163881068993,0,26,-1,-8,1.0,12,28,8,0,51,55,2
518,6,42,16,62,0,1,95589.0,95588,5,1,2,1.10714871779409,1,1.1445486690244753,1,1,0,2.0712155384048123,0,32,-10,-20,2.0,12,28,10,0,51,57,3
519,22,50,23,42,0,1,95581.0,95589,5,1,4,1.446441332248135,1,-0.3154814066901516,1,1,0,0.9759818021487829,0,28,-1,8,3.0,12,28,15,0,52,2,2
520,25,34,38,12,0,1,95600.0,95581,5,1,5,1.037088135155635,1,1.3441071571954253,1,1,1,-0.7282612566334011,1,26,-13,22,3.0,12,28,18,0,52,5,3
521,41,20,59,4,1,1,95592.0,95600,5,2,9,0.7266423406817256,0,1.2424854433594505,1,1,2,-1.3540549420547712,1,29,-18,16,2.0,12,28,23,0,52,10,3
522,77,7,100,4,1,0,,95592,5,0,15,0.1297025371559121,0,1.192087756929579,1,1,2,-1.4856179980334672,0,22,-23,3,1.0,12,28,30,0,52,17,1
523,93,0,90,3,0,1,95586.0,95592,5,0,18,2.356194490192345,1,-1.1920877569295794,1,1,2,-1.4977996818524226,1,22,3,-3,1.0,12,28,48,0,52,35,0
524,82,11,73,7,1,1,95597.0,95988,5,1,4,0.4182243295792292,0,0.018019868522742472,0,0,1,-0.7178602644454988,0,19,9,4,1.0,12,28,55,0,52,42,1
525,47,20,49,32,0,0,,95581,5,2,9,1.40564764938027,1,0.34720874059984014,1,1,2,-2.0712155384048128,0,26,-2,-12,1.0,12,29,12,0,52,59,2
526,50,43,57,44,0,0,,95587,5,2,9,2.999695598985629,2,-0.5489101785286167,0,0,2,-2.1654735648631607,0,22,-7,-1,2.0,12,29,15,0,53,2,0
527,64,38,66,34,0,0,,95589,5,2,11,1.10714871779409,1,-1.1217215974958497,1,1,2,-1.4167722659764794,1,28,-2,4,3.0,12,29,18,0,53,5,3
528,64,35,74,25,0,1,95585.0,95988,5,2,8,2.356194490192345,1,0.5074756944213877,0,0,2,-0.9568199380013802,0,19,-10,10,4.0,12,29,19,0,53,6,0
529,71,26,69,31,0,0,,95585,5,1,5,1.190289949682532,1,-0.8629246191128491,0,0,0,0.7334913758198782,0,20,2,-5,3.0,12,29,23,0,53,10,3
530,67,30,68,31,1,1,95580.0,95589,5,0,14,0.7853981633974483,0,-2.4898541484898686,1,1,0,0.5472483482974533,0,28,-1,-1,1.0,12,29,31,0,53,18,3
531,66,33,101,34,1,0,,95580,5,2,11,0.02856365783875999,0,2.0886280956212313,1,1,0,0.7599502135206586,3,22,-35,-1,1.0,12,29,34,0,53,21,1
532,97,35,42,39,1,0,,95603,5,1,2,0.07259945373049437,0,5.19933758270342,0,0,0,0.8953368845991448,2,16,55,-4,1.0,12,29,47,0,53,34,1
533,42,39,50,35,1,0,,95987,5,2,8,0.4636476090008061,0,-0.128487009065249,1,1,0,1.2085466566149314,0,20,-8,4,1.0,12,29,56,0,53,43,1
534,49,33,57,32,0,1,95601.0,95582,5,2,11,3.017237659043032,2,-0.3154814066901516,0,0,0,1.1920877569295776,0,29,-8,1,2.0,12,30,4,0,53,51,0
535,56,32,61,44,0,1,95579.0,95601,5,2,8,1.965587446494658,1,0.41394588591588705,0,0,1,0.04673265407596542,1,58,-5,-12,2.0,12,30,7,0,53,54,2
536,58,44,45,37,1,1,95582.0,95579,5,2,9,0.4939413689195811,0,0.5676280743022034,0,0,0,0.9318042464634181,0,39,13,7,3.0,12,30,11,0,53,58,1
537,45,37,39,56,0,1,95583.0,95582,5,2,11,1.264917455390044,1,0.9856983688414851,0,0,0,0.8893743657129354,0,29,6,-19,4.0,12,30,12,0,53,59,2
538,39,56,20,43,1,1,95582.0,95583,5,2,12,0.6000502134017536,0,1.1799523443919493,0,0,0,1.2002765630732743,1,34,19,13,4.0,12,30,14,0,54,1,3
539,50,32,73,48,1,0,,95593,5,2,11,0.6078019961139605,0,1.510207775249223,1,1,0,1.4856179980334665,0,13,-23,-16,1.0,12,30,48,0,54,35,3
540,70,44,73,50,0,1,95589.0,95593,5,0,13,1.10714871779409,1,-0.6421638946742921,1,1,2,-1.3743628174153744,1,13,-3,-6,1.0,12,30,57,0,54,44,3
541,80,57,87,58,1,0,,95589,5,0,13,0.1418970546041639,0,-0.5489101785286167,1,1,0,0.28406857681103864,0,28,-7,-1,2.0,12,31,0,0,54,47,1
542,85,57,91,64,0,0,,95587,5,1,3,2.279422598922567,1,-0.05207811164178015,0,0,2,-1.3294302289248132,1,22,-6,-7,2.0,12,31,1,0,54,48,0
543,28,56,15,59,1,0,,95582,6,0,15,0.2267988480538858,0,0.4513224198431913,0,0,1,-0.43806129207519556,0,29,13,-3,1.0,12,31,29,0,55,16,1
544,3,35,38,22,1,1,95586.0,95591,6,1,2,0.3556358843007598,0,2.2841244631564743,1,1,0,1.7154542258859369,0,26,-35,13,1.0,12,31,50,0,55,37,1
545,43,22,57,14,1,1,95592.0,95586,6,2,8,0.5191461142465229,0,0.6896483794044599,1,1,1,-0.8145403557329063,2,40,-14,8,1.0,12,31,56,0,55,43,1
546,69,31,74,49,0,1,95986.0,95592,6,0,14,1.299849476456476,1,0.9013314053755916,1,1,1,-0.11120226421821632,0,22,-5,-18,1.0,12,32,4,0,55,51,2
547,95,36,97,28,0,1,95595.0,95603,6,1,2,1.815774989921761,1,-0.2508670077014877,0,0,0,1.5900608648124592,0,16,-2,8,1.0,12,32,14,0,56,1,2
548,96,33,95,44,0,1,95579.0,95595,6,1,2,1.480136439594151,1,0.19136095070916465,0,0,0,2.4898541484898637,0,39,1,-11,2.0,12,32,19,0,56,6,2
549,90,45,82,28,0,1,95601.0,95579,6,1,3,1.13095374397916,1,0.9103844257357813,0,0,1,0.11235349046295523,0,39,8,17,3.0,12,32,22,0,56,9,3
550,86,29,92,29,0,1,95595.0,95601,6,1,2,3.141592653589793,2,-0.7599502135206586,0,0,1,-0.5419406024689339,0,58,-6,0,3.0,12,32,25,0,56,12,0
551,58,41,62,50,0,1,95589.0,95588,6,2,11,1.152571997215668,1,0.018019868522742472,1,1,2,-1.1368737806369784,0,32,-4,-9,2.0,12,32,31,0,56,18,3
552,85,56,81,55,0,1,95986.0,95589,6,0,16,2.896613990462929,2,-1.2916290954870733,1,1,2,-1.0958076972353004,1,28,4,1,1.0,12,32,38,0,56,25,0
553,81,55,87,55,1,1,95589.0,95986,6,0,13,0.0,0,-0.7599502135206586,1,1,1,-0.33447762891316035,1,12,-6,0,2.0,12,32,41,0,56,28,1
554,89,55,94,32,0,1,95592.0,95589,6,0,16,1.356735643231075,1,1.2169002446918635,1,1,0,0.4905946515079912,0,28,-5,23,3.0,12,32,42,0,56,29,2
555,100,32,99,23,0,1,95595.0,95603,6,1,2,1.460139105621001,1,-0.09826075586142671,0,0,0,1.8528925330385322,0,16,1,9,1.0,12,33,2,0,56,49,2
556,99,23,83,3,0,1,95585.0,95595,6,1,2,0.8960553845713437,1,1.3540549420547707,0,0,1,0.012012884487749674,0,39,16,20,2.0,12,33,5,0,56,52,3
557,62,0,74,0,1,1,95592.0,95586,6,2,12,0.0,0,0.3049773717354315,1,1,0,0.5419406024689338,0,40,-12,0,1.0,12,33,15,0,57,2,1
558,73,3,66,10,0,1,95581.0,95592,6,0,15,2.356194490192345,1,0.03003600452371036,1,1,1,-0.765305823943493,0,22,7,-7,1.0,12,33,20,0,57,7,0
559,65,19,69,18,0,1,95601.0,95582,6,2,7,2.896613990462929,2,-1.2916290954870733,0,0,2,-1.4503359586379192,0,29,-4,1,1.0,12,33,25,0,57,12,0
560,76,16,86,29,0,1,95579.0,95601,6,1,4,2.226491953036433,1,0.7126888159668128,0,0,2,-1.1920877569295794,0,58,-10,-13,1.0,12,33,30,0,57,17,0
561,94,40,85,49,1,1,95583.0,95579,6,1,2,0.7853981633974483,0,0.3835959324087748,0,0,0,0.7706834758294233,0,39,9,-9,1.0,12,33,34,0,57,21,3
562,92,63,95,65,1,0,,95986,6,0,16,0.5880026035475675,0,-1.479608953136835,1,1,1,-0.4161280656829792,0,12,-3,-2,1.0,12,33,42,0,57,29,3
563,91,38,76,36,0,1,95588.0,95580,6,0,17,3.009041121293119,2,0.6177483818235956,1,1,1,-0.8145403557329063,2,22,15,2,1.0,12,34,11,0,57,58,0
564,46,33,49,33,1,0,,95588,6,2,8,0.0,0,-1.8100531845058563,1,1,0,0.9955088998794059,0,32,-3,0,1.0,12,34,21,0,58,8,1
565,49,33,51,34,0,1,95601.0,95594,6,2,11,2.677945044588987,2,-2.1066979506460033,0,0,0,0.5373088213292052,0,20,-2,-1,1.0,12,34,34,0,58,21,0
566,55,33,29,49,1,0,,95601,6,2,8,0.5516549825285466,0,1.7154542258859369,0,0,1,-0.7760835081682432,0,58,26,-16,2.0,12,34,35,0,58,22,3
567,31,59,37,59,0,1,95583.0,95587,6,0,15,3.141592653589793,2,-0.7599502135206586,0,0,1,0.1446540432789798,0,22,-6,0,2.0,12,34,40,0,58,27,0
568,38,59,34,57,1,1,95587.0,95583,6,2,12,0.4636476090008061,0,-1.1217215974958497,0,0,2,-1.7514280519761145,1,34,4,2,3.0,12,34,41,0,58,28,1
569,33,60,38,47,0,1,95594.0,95587,6,0,15,1.937970160613116,1,0.4905560513305637,0,0,1,0.056088173239787494,0,22,-5,13,3.0,12,34,42,0,58,29,2
570,40,45,41,41,0,1,95601.0,95594,6,2,12,1.815774989921761,1,-1.2916290954870733,0,0,0,0.6032748236067244,0,20,-1,4,2.0,12,34,45,0,58,32,2
571,37,37,45,43,0,1,95579.0,95601,6,2,11,2.498091544796509,2,0.054083033729761185,0,0,1,-0.45965096220197627,0,58,-8,-6,2.0,12,34,52,0,58,39,0
572,44,45,36,42,1,1,95601.0,95579,6,2,12,0.3587706702705722,0,-0.1791403801493031,0,0,1,-0.07615331425987011,0,39,8,3,2.0,12,34,55,0,58,42,1
573,41,37,39,12,0,1,95585.0,95601,6,2,11,1.490966341082659,1,1.3102956258477438,0,0,0,0.40306425120941825,0,58,2,25,3.0,12,34,58,0,58,45,2
574,17,9,11,3,0,1,95597.0,95585,6,0,13,0.7853981633974483,0,-0.21793977195330536,0,0,1,-0.649563152670695,0,20,6,6,1.0,12,35,5,0,58,52,3
575,12,4,9,1,1,1,95583.0,95585,6,0,16,0.7853981633974483,0,-1.1920877569295794,0,0,1,0.028033060861491106,0,20,3,3,1.0,12,35,19,0,59,6,3
576,9,4,9,3,0,1,95597.0,95583,6,0,16,1.570796326794897,1,-2.727078872206228,0,0,0,0.8034317332345466,0,34,0,1,2.0,12,35,28,0,59,15,2
577,8,2,2,35,0,0,,95597,6,0,16,1.390942827002418,1,1.9780477274889443,0,0,2,-1.3847328013556524,3,25,6,-33,2.0,12,35,36,0,59,23,2
578,31,55,20,63,1,1,95594.0,95583,6,0,15,0.6287962864154326,0,0.4736034040160992,0,0,0,1.5102077752492091,0,34,11,-8,1.0,12,35,46,0,59,33,3
579,20,34,13,34,1,1,95595.0,95579,6,0,14,0.0,0,-0.6008748842274959,0,0,0,1.1522915747410063,0,39,7,0,2.0,12,35,51,0,59,38,1
580,12,35,19,36,0,1,95601.0,95595,6,0,17,2.999695598985629,2,-0.5489101785286167,0,0,0,0.2220420486384444,0,39,-7,-1,3.0,12,35,53,0,59,40,0
581,18,12,25,18,1,0,,95600,6,1,6,0.7086262721276703,0,-0.05207811164178015,1,1,2,-0.9442382298166334,0,29,-7,-6,1.0,12,36,13,1,0,0,3
582,36,0,39,6,0,1,95601.0,95585,6,2,10,2.034443935795703,1,-0.6421638946742921,0,0,1,-0.23601822212750687,0,20,-3,-6,1.0,12,36,25,1,0,12,0
583,38,0,39,6,0,1,95601.0,95585,6,2,10,1.735945004209523,1,-0.7387416364677466,0,0,2,-1.106822664814584,1,20,-1,-6,1.0,12,36,40,1,0,27,2
584,39,8,38,4,0,1,95585.0,95601,6,2,10,1.325817663668032,1,-1.2916290954870733,0,0,1,-0.5120354519770164,1,58,1,4,2.0,12,36,42,1,0,29,2
585,42,1,35,-1,0,0,,95586,6,2,9,2.863292994584682,2,-0.4646633977259216,1,1,2,-1.148411515598406,0,40,7,2,2.0,12,36,50,1,0,37,0
586,45,0,62,1,1,0,,95586,6,2,9,0.0587558227157227,0,0.7546163122464091,1,1,1,-0.19952379074527282,1,40,-17,-1,1.0,12,37,4,1,0,51,1
587,72,6,86,20,0,1,95603.0,95595,6,1,4,2.356194490192345,1,0.9727633606170364,0,0,0,1.6341068264602856,0,39,-14,-14,1.0,12,37,7,1,0,54,0
588,90,22,66,2,1,1,95585.0,95603,6,1,2,0.6947382761967029,0,1.770299169883295,0,0,1,0.12041633179874574,1,16,24,20,1.0,12,37,10,1,0,57,3
589,67,1,62,-1,1,0,,95585,6,1,4,0.3805063771123649,0,-0.8629246191128491,0,0,1,-0.2138411596450538,0,20,5,2,1.0,12,37,12,1,0,59,1
590,71,0,75,2,1,1,95592.0,95586,6,0,15,0.4636476090008061,0,-1.1217215974958497,1,1,0,0.34720874059984014,1,40,-4,-2,1.0,12,37,27,1,1,14,1
591,75,2,73,2,0,1,95586.0,95592,6,0,15,3.141592653589793,2,-2.37451788320118,1,1,2,-1.0154231691202307,0,22,2,0,2.0,12,37,29,1,1,16,0
592,75,7,64,15,1,0,,95585,6,1,4,0.6287962864154326,0,0.4736034040160992,0,0,0,0.33447762891316035,0,20,11,-8,2.0,12,37,36,1,1,23,3
593,81,44,86,45,1,0,,95589,6,0,13,0.1973955598498807,0,-0.950510275686491,1,1,2,-1.1217215974958497,0,28,-5,-1,1.0,12,37,49,1,1,36,1
594,86,47,99,36,0,1,95603.0,95587,6,1,3,2.439335722080786,2,0.7546163122464091,0,0,1,-0.2591400862316548,0,22,-13,11,1.0,12,37,50,1,1,37,0
595,94,36,92,35,1,1,95595.0,95603,6,1,2,0.4636476090008061,0,-2.1066979506460033,0,0,2,-1.0628291780004548,1,16,2,1,1.0,12,38,25,1,2,12,1
596,38,50,42,53,1,0,,95987,6,2,7,0.6435011087932844,0,-1.0391778181698261,1,1,1,-0.61532719985985,0,20,-4,-3,1.0,12,38,33,1,2,20,3
597,41,53,34,52,1,1,95583.0,95582,6,2,12,0.141897054604164,0,-0.5489101785286167,0,0,2,-1.2381648227152988,0,29,7,1,2.0,12,38,39,1,2,26,1
598,32,52,25,45,0,0,,95583,6,0,15,0.7853981633974483,0,0.03003600452371036,0,0,1,-0.704967163857433,2,34,7,7,2.0,12,38,40,1,2,27,3
599,10,44,20,32,0,1,95586.0,95987,6,1,1,0.8760580505981934,1,0.6520374759400964,1,1,0,1.225339625411657,0,20,-10,12,1.0,12,38,46,1,2,33,3
600,17,26,20,31,0,1,95988.0,95595,6,0,14,2.111215827065481,1,-0.7951649250209661,0,0,1,-0.3091748837828653,0,39,-3,-5,1.0,12,38,53,1,2,40,0
601,17,32,11,39,0,0,,95988,6,0,14,0.8621700546672262,1,-0.05207811164178015,0,0,1,-0.19340044441537554,1,19,6,-7,1.0,12,38,55,1,2,42,3
602,10,39,4,24,0,1,95600.0,95987,6,1,2,1.951302703907261,1,0.7024026149191298,1,1,1,-0.4780875970752639,0,20,6,15,2.0,12,38,56,1,2,43,2
603,2,20,2,17,0,0,,95600,6,1,3,1.570796326794897,1,-1.8100531845058563,1,1,1,0.12445065715328514,0,29,0,3,2.0,12,38,59,1,2,46,2
604,2,15,2,27,0,1,95591.0,95586,6,1,3,1.570796326794897,1,0.3049773717354315,1,1,1,-0.6056782427170598,0,40,0,-12,1.0,12,39,13,1,3,0,2
605,2,32,5,38,0,1,95588.0,95591,6,1,2,1.10714871779409,1,-0.6421638946742921,1,1,0,2.007199409307958,0,26,-3,-6,1.0,12,39,26,1,3,13,3
606,7,36,23,12,0,0,,95588,6,1,2,0.982793723247329,1,1.5900608648124646,1,1,1,0.1811752357232323,0,32,-16,24,2.0,12,39,29,1,3,16,3
607,30,0,39,2,1,1,95592.0,95600,6,1,6,0.218668945873942,0,-0.05207811164178015,1,1,0,0.21793977195330536,0,29,-9,-2,1.0,12,39,39,1,3,26,1
608,41,8,40,10,0,0,,95586,6,2,9,2.034443935795703,1,-2.1066979506460033,1,1,1,-0.19952379074527282,0,40,1,-2,1.0,12,39,42,1,3,29,0
609,41,11,38,17,0,1,95581.0,95586,6,2,9,2.034443935795703,1,-0.6421638946742921,1,1,2,-1.9243310653973649,0,40,3,-6,1.0,12,39,44,1,3,31,0
610,41,23,15,31,1,1,95582.0,95583,6,2,11,0.2984989315861792,0,1.4446283674275,0,0,0,0.5652775678509304,1,34,26,-8,1.0,12,39,55,1,3,42,1
611,14,31,18,35,0,1,95579.0,95582,6,0,17,2.356194490192345,1,-0.8201325027372218,0,0,1,-0.21999044752696323,0,29,-4,-4,1.0,12,40,6,1,3,53,0
612,19,37,6,42,1,1,95595.0,95579,6,0,14,0.3671738338182191,0,0.4905560513305637,0,0,2,-1.268910902308261,1,39,13,-5,2.0,12,40,7,1,3,54,1
613,5,33,3,23,0,1,95987.0,95591,6,1,2,1.768191886644777,1,0.10429794666957114,1,1,0,1.8100531845058556,0,26,2,10,1.0,12,40,28,1,4,15,2
614,2,23,2,30,0,1,95591.0,95987,6,1,2,1.570796326794897,1,-0.6008748842274959,1,1,0,1.0565109861826298,0,20,0,-7,2.0,12,40,29,1,4,16,2
615,4,32,12,34,1,0,,95591,6,1,2,0.2449786631268641,0,-0.2508670077014877,1,1,1,0.024027502860357687,0,26,-8,-2,3.0,12,40,31,1,4,18,1
616,11,13,3,32,0,1,95579.0,95583,6,0,16,1.172273881128476,1,1.0495398759466192,0,0,0,0.5234818509372249,1,34,8,-19,1.0,12,41,2,1,4,49,3
617,6,34,19,34,0,1,95988.0,95582,6,0,17,3.141592653589793,2,0.41394588591588705,0,0,1,-0.5051997721344769,0,29,-13,0,2.0,12,41,3,1,4,50,0
618,18,35,36,36,0,1,95585.0,95988,6,0,14,3.086094148344076,2,0.8117538163485765,0,0,2,-1.0221513655465202,0,19,-18,-1,3.0,12,41,7,1,4,54,0
619,41,35,43,40,0,0,,95585,6,2,11,1.951302703907261,1,-0.8629246191128491,0,0,2,-1.6341068264602856,0,20,-2,-5,3.0,12,41,9,1,4,56,2
620,46,41,68,41,1,1,95586.0,95589,6,2,8,0.0,0,1.1217215974958488,1,1,0,0.7387416364677466,0,28,-22,0,2.0,12,41,12,1,4,59,1
621,75,42,101,43,1,0,,95586,6,0,14,0.03844259002118798,0,1.3743628174153744,1,1,2,-1.7514280519761145,1,40,-26,-1,2.0,12,41,16,1,5,3,1
622,98,45,80,42,1,1,95583.0,95603,6,1,3,0.1651486774146269,0,0.8285691640205045,0,0,0,5.19933758270342,0,16,18,3,1.0,12,41,27,1,5,14,1
623,73,39,65,36,1,1,95601.0,95583,6,1,5,0.3587706702705722,0,-0.1791403801493031,0,0,1,-0.3175863599789561,1,34,8,3,2.0,12,41,35,1,5,22,1
624,63,30,45,8,0,1,95597.0,95601,6,2,8,0.8850668158886101,1,1.5489000422517152,0,0,0,0.5968826533171898,1,58,18,22,1.0,12,41,39,1,5,26,3
625,44,9,35,24,0,0,,95597,6,2,10,1.030376826524313,1,0.7815062668161372,0,0,1,-0.49612204480504474,1,25,9,-15,1.0,12,41,44,1,5,31,3
626,38,25,30,32,1,1,95594.0,95582,6,2,11,0.7188299996216245,0,0.1568039483409731,0,0,0,0.30078522627139004,1,29,8,-7,3.0,12,41,47,1,5,34,3
